loss_label,past_loss,rainfall_anomaly,rainfall_total,spi,treecover2000,period
0,0,-107.14745763055998,2584.798785030842,-0.1810604182835966,80,2001_2005
0,0,1545.7731293439865,17677.916177153587,0.5324919642072222,89,2001_2005
0,0,-1135.9508175120227,12346.21296042204,-0.4534710772352141,48,2001_2005
0,0,763.4182673491541,6565.432127177715,0.6409189837894406,25,2001_2005
0,0,2457.0791421622034,15353.112629115582,0.7680155708004108,39,2001_2005
0,0,1716.4665174619768,11504.777261018751,0.7006686850554914,80,2001_2005
0,0,1306.6244031794376,11035.165050983427,0.6375439631233324,89,2001_2005
1,0,1203.3804867986582,13102.26098293066,0.4983705896527443,88,2001_2005
0,0,1382.3941845297811,11852.462168335916,0.6770452246811811,73,2001_2005
0,0,1657.2089865296475,13050.531515955923,0.6500027909767626,87,2001_2005
0,0,-97.68000651119836,7098.560943003744,-0.0662187895149883,46,2001_2005
0,0,1941.104445266723,12659.661596775057,0.9373546533967284,30,2001_2005
0,0,238.8815305111657,6881.175669550896,0.2122684908182762,51,2001_2005
0,0,96.82870798744716,6978.219257622957,0.0692749249765197,46,2001_2005
0,0,776.6697297824085,7004.638493359089,0.6003807536291901,26,2001_2005
1,0,-158.28391317894875,6735.90255343914,-0.1220784600793771,64,2001_2005
0,0,501.3545275535698,7457.184091448784,0.359507012258919,50,2001_2005
0,0,969.5282521873704,12013.150883674622,0.440474503345553,90,2001_2005
0,0,-1212.622943601751,13244.49209919572,-0.44839938425323,59,2001_2005
1,0,-641.8548967885799,16970.028448561206,-0.1956633189387987,47,2001_2005
0,0,-500.0375950181096,5269.724172592163,-0.5062204175662526,27,2001_2005
1,0,2463.88433368802,12816.987225055696,0.8513908570994759,63,2001_2005
0,0,1150.5709999084463,9510.116752386091,0.6030125193733814,71,2001_2005
1,0,3461.9682735949755,19766.963338583708,0.8741315779355033,88,2001_2005
0,0,23.059245287215163,12121.552921891212,0.0085284610440879,47,2001_2005
1,0,-880.9029086422161,16862.226192831993,-0.2428026228565464,39,2001_2005
0,0,421.8742477023934,6938.4696611166,0.3700024486808905,26,2001_2005
0,0,711.789023126661,12584.410228133202,0.329363868266151,52,2001_2005
0,0,-875.9884260902527,12408.215664863586,-0.3463736553469976,74,2001_2005
0,0,1269.749665522575,12713.39670944214,0.5486736595016594,70,2001_2005
0,0,999.6630806386474,10491.784126400948,0.5099226779971302,78,2001_2005
0,0,2159.052767600957,16623.536807894707,0.6378298892788369,38,2001_2005
0,0,720.2193177520294,7933.221488952637,0.5179958714261951,40,2001_2005
1,0,1279.25954302221,12217.5307341218,0.569089909051944,88,2001_2005
0,0,1156.7625661544498,12169.224704265594,0.5219804501880376,91,2001_2005
0,0,391.2482959771533,13615.855126947165,0.1497645839345976,67,2001_2005
0,1,964.6048783481128,12464.92082875967,0.4149007084989972,81,2001_2005
0,0,77.85410307693928,7520.383730590343,0.0543793375659565,75,2001_2005
0,0,2710.6161116525527,16671.946187496185,0.7064909775686351,79,2001_2005
0,0,1874.903265357474,14642.750401496887,0.650476643709542,25,2001_2005
1,0,97.30048379577238,6636.909861266613,0.091508743480857,26,2001_2005
0,0,436.1256066903761,6275.772337079048,0.3693658342550663,26,2001_2005
1,0,1342.2877395294545,13997.79601085186,0.4958081256723038,93,2001_2005
0,0,1883.2938327312468,7362.800185203552,1.1875949620000836,38,2001_2005
0,0,109.39293392119724,7897.740792416036,0.0732153191811951,45,2001_2005
1,0,1828.1716910615032,13372.323965668678,0.6432626865763683,91,2001_2005
0,0,1788.032439530945,13865.636207580566,0.6624317889648859,96,2001_2005
0,0,1401.171731591225,12275.602321118116,0.5162726472966445,74,2001_2005
0,0,278.8049900652149,15072.033362292685,0.0820735260881221,47,2001_2005
0,0,-487.9246005347013,17335.337261829525,-0.1409510695964197,25,2001_2005
0,0,651.4484609916781,8092.037817299366,0.427647318142493,32,2001_2005
0,0,1182.1377147793771,15561.419252634048,0.470365447534884,89,2001_2005
1,0,355.39946333940384,2218.193358243443,0.9183394065213196,45,2001_2005
0,1,1882.9683929920195,11402.909106492996,1.016885166135038,92,2001_2005
0,0,307.98891112655474,15463.119994163511,0.1310947129947468,73,2001_2005
0,0,-37.46744293887241,13785.468396306038,-0.0180823876799244,66,2001_2005
0,0,-2836.349591896683,3701.951146900654,-1.2926137427903843,61,2001_2005
0,0,602.7492077188854,8263.541937857866,0.4241261950792001,54,2001_2005
0,0,1093.264035952092,11512.092014551165,0.5766482449672623,93,2001_2005
0,0,471.738950217763,10765.082322835922,0.1894401014703186,32,2001_2005
0,0,1981.8004065308,16152.853415846825,0.6163104901313566,71,2001_2005
0,0,847.8221151232719,7520.783605217934,0.6023933091216598,76,2001_2005
1,0,-307.3072518787758,14718.35139375925,-0.0948396055114055,59,2001_2005
0,0,1109.6904777878426,7300.651803016663,0.9045457240545872,88,2001_2005
0,0,2222.9965218335383,11256.141039788725,0.900210161163557,54,2001_2005
1,0,1725.30587673196,20981.07318925857,0.4019506987858153,75,2001_2005
0,0,-419.4549842325414,8395.923459023237,-0.2335078721073019,26,2001_2005
0,0,-243.05698711875448,16620.17732872814,-0.0712439356085151,38,2001_2005
0,0,471.88055872246696,15656.671164155006,0.1447916192951073,75,2001_2005
0,0,1006.6596521763604,11594.817411661148,0.4762512525983051,84,2001_2005
0,0,582.7761816634402,7920.674688220024,0.5362665755943301,55,2001_2005
0,0,-403.3478237210293,17114.029513927642,-0.118591751991669,54,2001_2005
0,0,1669.0374896016183,11417.350420236588,0.7300221683479569,55,2001_2005
0,0,1122.5492291374903,13619.117210388184,0.4218315382648425,46,2001_2005
0,0,1202.25032747984,10098.231272697449,0.6309313273169335,69,2001_2005
0,0,839.8916420892347,10885.78236413002,0.4133751914853795,67,2001_2005
1,0,552.188056243549,7633.677286811173,0.3952786670102939,31,2001_2005
0,0,485.02236735949737,7828.103240221739,0.323772555533788,65,2001_2005
0,0,-734.4559550884878,17344.71008094307,-0.2169459039080222,27,2001_2005
0,0,248.67475584745264,18787.5524084568,0.0840832933379816,41,2001_2005
0,0,203.0089919611546,7107.564081996679,0.1476324312003655,56,2001_2005
0,0,1368.150459446104,10743.411890029907,0.6138848627535171,43,2001_2005
0,0,2805.947419295648,20361.72428190708,0.7324279606710663,83,2001_2005
0,0,32.633237247169745,15072.79960989952,0.012499185545254,55,2001_2005
0,0,1983.741341153811,15383.2477145195,0.7124878266765436,94,2001_2005
1,0,1017.6740034952692,8859.371672391891,0.5639059661324828,72,2001_2005
0,0,119.91493341382557,16286.198369026184,0.0369562228886874,52,2001_2005
0,0,408.1427991253677,7444.934366282076,0.2918133868547348,52,2001_2005
0,1,-128.6127598832527,6394.552078425884,-0.1159458680787034,30,2001_2005
0,0,1247.8196738600727,10783.462198615074,0.5742720955409092,82,2001_2005
0,0,1862.5298684750576,9721.289410352709,0.9741066692056894,60,2001_2005
1,0,2257.88510136102,16026.70442032814,0.7149661346852597,51,2001_2005
0,0,857.29846943138,8065.86112177372,0.5838970709303408,28,2001_2005
1,0,900.3535621572373,8221.274468996562,0.6023424009799326,27,2001_2005
0,0,790.6902680289177,6782.217033624649,0.7557950732685129,89,2001_2005
1,0,1127.2829079605635,13988.83310683444,0.3844537084440017,33,2001_2005
0,0,1956.1723038823657,13931.797726392746,0.6740173845093229,80,2001_2005
1,0,-2343.4201417936856,3148.103344142437,-1.3533391851842391,34,2001_2005
1,0,138.0196513871706,7276.453089311719,0.1203555325921636,30,2001_2005
0,0,1319.163659421416,9774.76298713684,0.6279753989925707,75,2001_2005
0,1,542.8166523754571,7802.378654837608,0.4040756478621181,47,2001_2005
0,0,1116.742880150845,8720.52612876892,0.6025684185968871,56,2001_2005
0,0,520.6909383167686,7902.361304283142,0.3778206059703828,56,2001_2005
0,0,935.218117812763,7274.503344804048,0.687565199260755,46,2001_2005
0,0,1882.270184279978,15333.79870891571,0.5379134654113749,55,2001_2005
0,0,1377.9614389247872,10898.83288013935,0.6070670262382353,64,2001_2005
0,0,2146.9832450516515,16578.457530498505,0.5797787757210401,81,2001_2005
0,0,1426.622974789143,12467.581219017506,0.6300687030916502,59,2001_2005
0,0,786.4624865692631,8141.605905532837,0.5216199203482288,33,2001_2005
0,0,625.5601493929034,8194.294136881828,0.4398488767926259,49,2001_2005
0,0,1068.620356714726,8638.692466497421,0.7099693413819574,71,2001_2005
0,0,942.208764196932,8580.512292265892,0.569373054219604,87,2001_2005
0,0,937.9343122333285,6640.759530305862,0.8114225342790327,92,2001_2005
0,0,-304.9204972763664,6953.797032609582,-0.2053875375891521,57,2001_2005
0,0,-851.9285981183875,5996.358594980091,-0.5974752133368114,62,2001_2005
0,0,1957.8619140371684,15777.31387913972,0.6693875981031611,94,2001_2005
0,0,1217.2325961172585,8878.960735201836,0.673584391420763,92,2001_2005
1,0,654.154708115876,7857.9117149710655,0.4570909277477148,30,2001_2005
0,0,638.2688506484028,6141.085239171982,0.6559731740784867,89,2001_2005
0,0,-2887.7403881450173,3188.545279204845,-1.3679319575104514,25,2001_2005
0,0,1258.5823306918146,8832.79233789444,0.7776974408964998,74,2001_2005
0,0,1422.2066711625375,19186.84563100338,0.3557714841215021,32,2001_2005
0,0,743.9013133137005,8531.092094779015,0.495280739326093,31,2001_2005
0,0,1132.3692440509794,6351.3664265275,0.9724877038150608,32,2001_2005
0,0,519.1520732719246,7449.5875441432,0.3940306028382875,44,2001_2005
0,0,1132.389469958469,13581.789742231367,0.4488402871516548,74,2001_2005
0,0,557.4369999112505,7826.637187123299,0.3813301706806646,56,2001_2005
0,0,1117.3254215240477,7575.207481145859,0.8300733234464,81,2001_2005
0,0,1207.3102746084733,13984.856116592884,0.4264836632196869,76,2001_2005
0,0,948.7702207595104,13307.066793985665,0.3474833160419766,78,2001_2005
0,0,-727.1063569059597,5881.299191672355,-0.5378906259596566,51,2001_2005
0,0,2099.2842933893207,12096.304290771484,0.8866310008650798,80,2001_2005
0,0,1262.8374205708496,10380.186132907867,0.6336750288477041,54,2001_2005
0,0,1716.4945517957203,13275.647459447384,0.702464718982354,52,2001_2005
0,0,-434.7276678135604,17134.937686171383,-0.1263163239658427,38,2001_2005
0,0,1362.425775395879,9968.323469221592,0.6372966881412653,63,2001_2005
0,0,1347.2711072310813,10632.50302708149,0.6165578382570746,81,2001_2005
1,0,991.0675210714344,5927.692862689495,0.936570002701368,79,2001_2005
0,0,1658.49308335334,13179.904392838478,0.6977039118885894,49,2001_2005
0,0,1356.6953584313396,10459.799033284187,0.6927017187490379,42,2001_2005
1,0,2229.3283606885343,16879.595454096794,0.6635937859471573,31,2001_2005
0,0,1154.1169976890087,13103.65609240532,0.4643883795739916,72,2001_2005
1,0,2647.259465932846,16586.350730001926,0.767221560108412,31,2001_2005
0,0,420.6072268757962,13896.277438879011,0.1411123802336058,62,2001_2005
0,0,-3728.257840456662,2538.3149467110634,-1.4249611685651349,29,2001_2005
0,0,3169.2414692163475,19240.364871501923,0.7999195783258226,79,2001_2005
1,0,282.7292951207237,10307.133505791426,0.1215147505705651,34,2001_2005
1,0,-402.4586757348961,5351.724380142987,-0.3399532349079334,47,2001_2005
0,0,700.2475836538479,8050.789241382852,0.4899467970082324,46,2001_2005
0,0,1737.729624656402,12179.087490439417,0.6842330535674506,67,2001_2005
0,0,1006.28631850481,12111.156246185305,0.4799648040353039,93,2001_2005
0,0,954.3195462668318,9480.369064688684,0.4969475088699979,35,2001_2005
0,0,928.3203485779468,13882.402616739271,0.3854723749374825,85,2001_2005
1,0,1371.4484294414524,10120.127943992617,0.7887214862362903,83,2001_2005
0,0,112.38468897342682,14252.577651500702,0.0531194068872805,40,2001_2005
0,0,2582.8040276980028,17176.457049012184,0.7328959258047694,84,2001_2005
1,0,1371.573755253852,13963.89639055729,0.5252147138873167,64,2001_2005
0,0,590.3456374805883,8054.699387192726,0.4079777553651314,47,2001_2005
0,0,1780.206537079499,11713.250751256945,0.7531644956578589,80,2001_2005
0,0,-296.723389611976,9205.23344747722,-0.1451259087291474,58,2001_2005
0,0,-455.2244130367417,13617.501172721386,-0.1579247109548059,51,2001_2005
1,0,1436.6379893109695,14296.214423671365,0.4873028231091066,39,2001_2005
0,0,2194.178591111675,16259.255440473557,0.6627455271396956,57,2001_2005
0,0,1888.8861669385808,14126.729640841484,0.6420888714277174,71,2001_2005
0,0,1651.0921086689214,12373.977362275124,0.6225936939162825,85,2001_2005
1,0,1533.956453470886,13651.569062232971,0.631569446901191,36,2001_2005
0,0,1579.8182742759582,12124.673276901243,0.656940531238769,73,2001_2005
1,0,778.3637566330608,8202.344890594482,0.5146255096790375,25,2001_2005
1,0,690.5334459487058,8093.631219953299,0.4621854827961897,45,2001_2005
0,0,1511.680262294598,13666.970432847738,0.574950833501583,94,2001_2005
1,0,1358.3707872152336,9850.62852203846,0.6824395456430304,88,2001_2005
0,0,1563.0487147629265,11644.988394498823,0.8188432297509931,80,2001_2005
0,0,614.373024619601,7975.534360259771,0.4331284025447655,33,2001_2005
0,0,1937.6704746728592,17173.46457386017,0.670047346321999,72,2001_2005
1,0,-3465.0886767449765,1774.7250898480415,-1.5285564876700566,55,2001_2005
0,0,1140.4336637794968,9843.596195459366,0.673318501171275,71,2001_2005
0,0,220.86585106551684,15879.161219596865,0.086673099218014,31,2001_2005
0,0,-888.2798278738164,1467.2695265114307,-1.130191381002239,29,2001_2005
0,0,508.602159379795,3257.8065447211266,0.8975291386017497,39,2001_2005
0,0,1128.4711875350022,10665.454065084456,0.4855787635331756,81,2001_2005
0,0,918.9425276384692,7987.993620872498,0.6738200162326706,34,2001_2005
0,1,1020.8591046571728,12242.727783799171,0.448997957126471,80,2001_2005
0,0,1737.3255905024707,11914.257250368595,0.6972055426092403,77,2001_2005
0,0,554.249160596728,15773.140984117985,0.1826316116678251,53,2001_2005
0,0,588.540979888593,7630.142838835716,0.407650578165264,65,2001_2005
0,0,1547.732325816154,7057.738894820213,1.0963431880591767,90,2001_2005
0,0,1870.544635231416,12415.251088619232,0.8340379251911804,70,2001_2005
0,0,1007.0713996052182,13667.09495601058,0.4189570634360126,65,2001_2005
0,0,2350.434995042533,14376.780945062636,0.776608013444378,80,2001_2005
1,0,-1737.383880072366,3722.879495382309,-1.0290899624946104,61,2001_2005
0,0,790.8071233302353,8067.458637952805,0.4993741653627148,75,2001_2005
0,0,1150.5709999084463,9510.116752386091,0.6030125193733814,82,2001_2005
0,0,-70.34471967369336,4040.169695585966,-0.1075182928654246,36,2001_2005
0,0,479.50994878527126,7879.115475654602,0.3343179466176249,27,2001_2005
1,0,1914.5591943068173,15366.531610250471,0.6825937169688902,37,2001_2005
1,0,893.0327109991804,8755.679527521133,0.5176667969967679,72,2001_2005
0,0,1293.7378048715143,14250.581489562988,0.4730792652481606,81,2001_2005
1,0,2111.549864783068,16423.83517050743,0.6449618459535826,66,2001_2005
0,0,2213.2499963250084,22029.618906080723,0.5132516715548533,98,2001_2005
0,0,319.3719131350517,18010.588175058365,0.1091661707179393,31,2001_2005
1,0,2840.033568240888,17698.653348445892,0.7969977825679033,81,2001_2005
0,1,137.9383686635647,5164.333408474922,0.1256258879011665,32,2001_2005
0,0,3275.442789853736,19907.70872825384,0.8275235870191763,87,2001_2005
0,0,2324.393941683324,19250.532032370567,0.6253168101237339,79,2001_2005
0,0,2175.2151561260216,11209.067806720734,1.033192794006354,94,2001_2005
0,0,464.8615140140064,15303.130825519562,0.1870917699324146,77,2001_2005
0,0,828.3370855112971,7584.20160934329,0.6837451924215683,41,2001_2005
0,0,-87.70980510488153,9742.192485332487,-0.0527232052686882,26,2001_2005
0,0,715.5599662510385,8121.763079017401,0.5365742278052139,40,2001_2005
0,0,2045.203275614604,15379.299326896667,0.7350808299271044,96,2001_2005
1,0,1206.1413527890727,13357.100269079208,0.4171068035638615,84,2001_2005
0,0,2252.43347055093,16591.449162960052,0.6872751497839639,56,2001_2005
0,0,2024.039469046891,13297.390912652016,0.7216057694075508,32,2001_2005
1,0,296.286435125352,7066.661746561527,0.2417414188317308,29,2001_2005
0,0,757.9021468401916,8290.970092177391,0.6643921251620712,60,2001_2005
0,0,947.1158412824808,7822.238922793418,0.6427203483769233,47,2001_2005
0,0,1920.9070732040072,17896.297512173653,0.4967341197368549,29,2001_2005
0,0,2004.694677670492,16263.974096775057,0.6366174764529454,50,2001_2005
0,0,1107.233320310339,13068.73131465912,0.4961267084537908,93,2001_2005
0,0,860.1135205984119,7946.191592335701,0.5600362536191889,79,2001_2005
0,0,-1656.3927345733623,1247.9248844087124,-1.3334068604984015,60,2001_2005
0,0,408.6853820517763,7926.4314301759005,0.2973097242920056,62,2001_2005
0,0,2917.3727472894825,17330.79711329937,0.769133748584856,51,2001_2005
0,0,-2560.906594684749,3034.639383733273,-1.325939948601799,45,2001_2005
0,0,584.8268984506603,5004.202549934387,0.5722143006376949,56,2001_2005
0,0,1880.7257178340224,16142.628320097923,0.6034736025707168,66,2001_2005
0,0,1595.470313584805,10980.647137403488,0.7800721522071388,74,2001_2005
0,0,1563.9760515163407,9720.131045937538,0.7557362084711032,73,2001_2005
1,0,1263.436076742386,19619.52059046552,0.3626647416854692,90,2001_2005
0,0,31.98928341642022,11062.93050777912,0.0188935013717184,89,2001_2005
0,0,-771.5914969127043,14746.656656384468,-0.2268527153766103,52,2001_2005
0,0,705.8248420765567,8619.643607258797,0.4688140030365723,27,2001_2005
0,0,1434.5172857522955,11032.640251398088,0.7263533715033197,84,2001_2005
0,0,-3495.6219067856555,1954.6586837768557,-1.4079323727023274,52,2001_2005
1,0,1482.889765878208,10575.27443575859,0.7580558766741681,88,2001_2005
0,0,1099.8462200909853,13337.87275636196,0.4625617976232188,91,2001_2005
0,0,515.635963982344,10195.952389717102,0.3000830313901624,38,2001_2005
0,0,1169.0571239918463,10514.42717206478,0.5830744807333068,78,2001_2005
0,0,865.4356400875668,8735.144669890404,0.481422406089978,71,2001_2005
0,0,1451.5569380998604,11359.382527947426,0.6145177851362954,64,2001_2005
0,0,92.5892442211507,7895.031408429146,0.0818056725495899,73,2001_2005
0,0,-127.6624235004183,15488.830042004583,-0.0398930446896176,68,2001_2005
0,0,634.1219286032338,8863.199719548225,0.3527476367806444,88,2001_2005
0,0,-3782.8781715578752,1957.080133676529,-1.4314955853878668,58,2001_2005
0,0,495.83368684984816,12279.753955364227,0.2390230839424481,35,2001_2005
1,0,-209.9114456257612,6585.873932778835,-0.1586383169680521,44,2001_2005
0,0,-1582.8371363890092,3366.735011279583,-1.043357259165306,56,2001_2005
0,0,540.4047105163336,10323.076797366142,0.3040249640417701,43,2001_2005
0,0,1026.527998700738,14417.967512488363,0.4282760285107286,91,2001_2005
0,0,1498.8229054552469,14589.982833862305,0.5320490142099803,73,2001_2005
0,0,1538.4338876485826,8801.957169294357,0.934448292537302,72,2001_2005
0,0,402.4869122871187,7996.861826898414,0.2052861265335079,34,2001_2005
0,0,1262.8374205708496,10380.186132907867,0.6336750288477041,74,2001_2005
0,0,2335.920269811153,12480.1251411438,0.8174026766948976,27,2001_2005
0,0,1084.4066123669036,9248.120588302612,0.6832746814568823,66,2001_2005
1,0,1346.1577737580992,10599.635020256042,0.6915468184052386,43,2001_2005
0,0,1797.4802059265312,14562.084405899048,0.66098816892234,89,2001_2005
0,0,-453.1292649051175,8238.720003843307,-0.2446674968383788,55,2001_2005
0,0,454.7555472154163,13808.224173426628,0.1661977292599464,55,2001_2005
0,0,2163.624307483473,16828.343964219093,0.5800086280343635,78,2001_2005
0,0,938.2928804074344,8182.040451783687,0.6193161300704526,44,2001_2005
0,0,717.4933346018779,8462.093131065369,0.4743927147186172,25,2001_2005
0,0,938.6270531996051,11967.75157788396,0.4058916296384673,34,2001_2005
0,0,2569.935604042559,13683.1322568655,0.8847560308915203,54,2001_2005
0,0,1771.473074522428,14447.343813061714,0.6622916858013447,94,2001_2005
0,0,-3551.848231532673,1905.3145830631256,-1.413520494727341,60,2001_2005
1,0,1497.5315127934027,13772.957734674215,0.6121568352804525,66,2001_2005
1,0,-402.4586757348961,5351.724380142987,-0.3399532349079334,71,2001_2005
0,0,1911.512230710312,13495.2770768404,0.6415106379266751,54,2001_2005
0,0,345.0027275776484,11868.73455184698,0.1893114160500312,68,2001_2005
1,0,338.4750376716256,16478.499036073685,0.1029875018673495,54,2001_2005
1,0,-167.31304426731913,5977.144943892956,-0.1477112841215768,41,2001_2005
0,0,1230.9569457434118,10331.078048586844,0.6018080342291883,85,2001_2005
0,0,968.8316461361592,8917.801145195961,0.5234118805587606,38,2001_2005
0,0,399.39953507930113,10484.617345929146,0.219209744871739,64,2001_2005
0,0,103.48303961225338,6455.645969301462,0.1006676252245883,52,2001_2005
1,0,-348.43709044102616,9051.616234838964,-0.2075924560391533,44,2001_2005
0,0,1801.7011257721608,11253.314238071442,0.7614053042758074,87,2001_2005
0,0,363.6049817737821,8022.845625817776,0.2290980064578916,53,2001_2005
1,0,1606.9797841921973,15716.635894477367,0.5338777563337775,78,2001_2005
0,0,1013.649584810436,9180.268658638,0.6445267375823107,65,2001_2005
0,0,401.1834601880055,14705.214248120785,0.1349411087332318,66,2001_2005
0,0,616.129398688674,14383.642361044884,0.2511560704620101,78,2001_2005
0,0,1907.5873316088075,14750.776016950607,0.634803739028979,94,2001_2005
0,0,988.5865805923931,11096.761766314508,0.4774438713151957,26,2001_2005
0,0,169.0306613762241,5808.280277967453,0.1594627412786095,27,2001_2005
0,0,388.4348606738613,7132.244195401669,0.3066272888576979,31,2001_2005
1,0,1347.2711072310813,10632.50302708149,0.6165578382570746,73,2001_2005
1,0,1902.9925688505064,11616.672924518583,0.7884148700058832,81,2001_2005
0,0,324.1269993595779,15027.28781759739,0.1473512069469053,68,2001_2005
0,0,-65.14390441881005,7344.034954123199,-0.0416377982531862,33,2001_2005
0,0,72.64463389553202,11437.833837747574,0.0441634891438326,79,2001_2005
1,0,-52.77209943532944,12523.785934090614,-0.0294826026964711,29,2001_2005
0,0,596.8922796942297,12899.719073921442,0.2739704414430589,70,2001_2005
0,0,1385.947638179361,11608.495797276497,0.5776167598993825,61,2001_2005
1,0,614.2191095024345,3978.9608574658632,0.8745497242124188,41,2001_2005
0,0,1202.25032747984,10098.231272697449,0.6309313273169335,81,2001_2005
1,0,367.449942532181,10752.639605760574,0.2104110885675903,86,2001_2005
0,0,756.6127199283801,8617.838609814644,0.4313767603706145,77,2001_2005
0,0,357.4967762359902,7123.052828133106,0.273201921800943,42,2001_2005
0,0,-71.99766278639436,9662.829868912697,-0.0499647081707511,89,2001_2005
0,0,1569.4147758501383,11827.899571061134,0.6074616566818919,89,2001_2005
0,0,-1491.0637039363892,1199.4820791184902,-1.3829156068692017,31,2001_2005
0,0,637.7773832215853,7871.982191264629,0.451672234389678,65,2001_2005
0,0,-90.7074901615806,7072.905207000673,-0.0617495487716937,30,2001_2005
0,0,113.38940308540988,14955.605991244316,0.0455748039395387,49,2001_2005
0,0,66.82762287372316,7641.806554317474,0.0422570861650328,51,2001_2005
0,0,-163.87374033335254,5668.036266297102,-0.1673457041162566,44,2001_2005
0,0,1891.029801335644,20778.99250024557,0.4695009912560983,61,2001_2005
0,0,-1138.6600686505435,4661.672110557556,-0.8722555037960505,60,2001_2005
0,0,699.9209528136589,7614.8891080617905,0.5763801365863865,59,2001_2005
0,0,507.3472122877829,14721.409876346588,0.210208127518927,61,2001_2005
1,0,150.5398205680176,7011.304372549057,0.1004419723816168,58,2001_2005
0,0,2846.157380715013,17488.1446942091,0.7496109592802586,44,2001_2005
0,0,-473.2724623225258,11225.893331833184,-0.1862807466129029,30,2001_2005
0,0,2472.6738519596947,17358.110281467438,0.6354351646980421,63,2001_2005
0,0,1490.2400119304657,13026.98259794712,0.6466401228790758,54,2001_2005
0,0,-3894.824191816663,2131.3268364071846,-1.4577003325991422,26,2001_2005
0,0,493.731413132351,8284.874501109123,0.2988458933949176,38,2001_2005
0,0,880.7670694321396,7496.16799890995,0.5985629182508091,49,2001_2005
0,0,866.1255601957437,11247.691343486307,0.4144839964908641,49,2001_2005
0,0,-403.3478237210293,17114.029513927642,-0.118591751991669,45,2001_2005
0,0,39.50565568823368,5283.319919316098,0.0348989820967812,35,2001_2005
1,0,-495.7542834475644,17354.277100801468,-0.1449433400618587,72,2001_2005
1,0,-1935.7866560088528,3245.963865280152,-1.2279049129071784,25,2001_2005
1,0,1413.1369850473347,10241.825862765312,0.6618661737336322,81,2001_2005
1,0,345.74107272100264,4944.896608352661,0.5272650038457629,39,2001_2005
1,0,-3162.7950840816056,1619.997754842043,-1.4055697160165288,47,2001_2005
0,0,-86.5609217490528,12846.979634210467,-0.0295624025837367,47,2001_2005
0,0,372.6829198722298,8761.126058161259,0.223144486805576,72,2001_2005
0,0,1073.3778176568449,11137.881580352783,0.5517220082065903,39,2001_2005
0,0,50.826251355529166,6449.283956646919,0.0410228736114401,32,2001_2005
0,0,1641.748968009406,14610.29069903493,0.6114926845007447,28,2001_2005
0,1,942.9736169382932,8523.591406226158,0.5744845777731176,47,2001_2005
0,0,123.40512925004624,15425.9244203493,0.0380520874185597,43,2001_2005
0,0,2055.567576178908,16094.928302288055,0.560828223035613,49,2001_2005
0,1,-2762.1839508174107,1778.0636647045612,-1.4209772340143545,55,2001_2005
0,0,1249.6515341458617,12299.595609903336,0.4810024418358187,82,2001_2005
0,0,299.22583290148305,7723.462374806404,0.1954960385532004,27,2001_2005
0,0,1301.2216106533997,11680.287118434906,0.6962436901734146,55,2001_2005
0,0,1715.071852898598,11573.861826896667,0.8410333989834549,90,2001_2005
0,0,-3402.398820911801,3482.2439992129803,-1.4087898095167708,50,2001_2005
1,0,-144.01939130742358,6429.050807833672,-0.1202862858014603,41,2001_2005
0,0,197.45915047340168,13521.499889314176,0.0792438338664904,50,2001_2005
0,0,822.937360294859,7908.26153858006,0.5870038540912663,33,2001_2005
0,0,703.1527212321762,7915.714314460754,0.429947869152345,57,2001_2005
0,0,391.4945761084555,6522.990185260773,0.3653719784220128,75,2001_2005
0,0,1410.1734477877617,10612.167845249176,0.7755804246976059,73,2001_2005
0,0,688.4741994488195,7845.556083917618,0.4818490762593962,43,2001_2005
0,0,761.2256598047916,10795.80586028099,0.3873842163956447,68,2001_2005
0,0,1046.6665277123448,12879.962807536123,0.4462646993554602,80,2001_2005
0,0,-77.54396275989711,12165.81711691618,-0.0374953568031162,60,2001_2005
0,0,589.1888347787926,7665.451673921198,0.4347013193283833,31,2001_2005
0,0,2461.2519270926714,15956.54012554884,0.7647811264507723,47,2001_2005
0,0,1042.233683535973,7606.763701617718,0.9130784443603328,63,2001_2005
0,0,174.44382702004623,6679.86857688427,0.1395916968475246,32,2001_2005
0,0,983.2582336574796,7586.116120457649,0.6447584972644161,43,2001_2005
1,0,-11.745008232444434,3173.5492901802063,-0.0183630886778103,77,2001_2005
0,0,1068.648404288292,5906.568142652512,0.9545385290562732,59,2001_2005
0,0,1173.6716131687172,10606.7340157032,0.683084454886755,91,2001_2005
1,0,-1404.0785749666393,6102.0753929317,-0.9281959245652046,75,2001_2005
1,0,663.4440964920332,7939.320766031742,0.4856395102582475,33,2001_2005
0,0,2232.495789431425,18159.039120316505,0.5497721146989447,67,2001_2005
0,0,677.880651071051,8006.877132058144,0.4489618875470276,33,2001_2005
0,0,1214.4961975460865,9678.996955513954,0.6372459396119605,79,2001_2005
0,0,1926.2161642409865,14422.463925361631,0.7125596584946857,92,2001_2005
0,0,885.6439776301386,8223.918554067612,0.6473951113027249,92,2001_2005
0,0,-3833.907913103062,2165.375851467252,-1.4712148707603083,69,2001_2005
0,0,877.5504133790064,8831.267547726631,0.4838873330163454,58,2001_2005
0,0,1177.3675087749325,13024.696480989456,0.4687135288997942,45,2001_2005
0,0,185.2380455687644,8137.312939822674,0.104597996481661,85,2001_2005
0,0,964.7954059317708,11940.137613534927,0.4501474891062084,86,2001_2005
0,0,597.4544359358088,7827.333627820015,0.5209826784137401,30,2001_2005
0,0,431.2018167430533,7795.425560116768,0.3383464608791355,49,2001_2005
0,0,-1386.166342234239,5845.713598161936,-1.027091052126846,44,2001_2005
0,0,1431.4010381309308,11950.009196162224,0.5821237799691078,89,2001_2005
0,0,14.29318636357857,13207.558447241783,0.006248359547887,72,2001_2005
0,0,571.3181077472254,7437.114812359214,0.4190720620580695,58,2001_2005
0,0,1368.8553341850347,8512.779876351357,0.9443327202981848,87,2001_2005
1,0,995.3921631574632,7834.086879014969,0.6940413026667389,80,2001_2005
1,0,1487.195835639537,11842.696902692318,0.6729517437078963,82,2001_2005
0,0,964.2537429690364,7512.304026126862,0.7162156678057755,84,2001_2005
0,0,1100.3047826697875,9487.816209077837,0.5371487527825236,67,2001_2005
0,0,-161.08421035941683,6109.262620568275,-0.144074354532644,56,2001_2005
0,0,1049.110148692131,12680.390810966492,0.5431972717532343,86,2001_2005
1,0,524.2408234136874,6220.57493442297,0.6694737737890638,35,2001_2005
1,0,-328.24926074631367,17689.905064225197,-0.0957926094076531,27,2001_2005
0,1,40.51390860694937,6890.263184309006,0.0329184106268914,30,2001_2005
0,0,545.5152367519713,8096.093081980944,0.3466583777700519,67,2001_2005
0,0,777.7170010068912,9007.719272613524,0.4093283306033207,81,2001_2005
0,0,1202.1035563707355,9558.105598211288,0.7631101615062782,83,2001_2005
0,0,-454.6889688624651,5212.538881897926,-0.4013545983711454,66,2001_2005
0,0,1533.9159197753834,11725.500719547272,0.6209534076788572,83,2001_2005
0,0,494.8859872153025,15387.76964521408,0.1717047844604503,74,2001_2005
0,0,1304.0440465450283,8861.916152000427,0.8526075310591207,87,2001_2005
0,1,170.87552093639988,6964.607988908887,0.1244052020409226,34,2001_2005
0,0,963.7600985052122,13195.693269059062,0.3326402216178331,77,2001_2005
0,0,663.0741018458266,8632.938020825386,0.3867125921595293,80,2001_2005
0,0,189.93968755511744,6465.836959838867,0.1967749970649788,39,2001_2005
0,0,717.2402406126257,12875.605526804924,0.3532854911601192,92,2001_2005
0,0,-331.8277408119284,8324.081159353256,-0.2792061117562029,26,2001_2005
1,0,146.35286426255334,7270.322112441063,0.1067174300356448,48,2001_2005
0,0,-137.72979568567644,6500.965459376574,-0.1076469507736136,56,2001_2005
0,0,1947.2078548695663,15346.262099027634,0.5733985536742473,80,2001_2005
0,0,1219.2842582911253,13007.11336839199,0.506483506164122,47,2001_2005
0,0,1036.2378684539815,8170.153776168823,0.6935298696574429,46,2001_2005
0,0,-119.42748949081216,5850.87628030777,-0.112626505047713,43,2001_2005
0,0,367.2639745734632,16186.56485426426,0.1514760857740785,49,2001_2005
0,0,44.1658292919401,13368.52713227272,0.0188553707382034,76,2001_2005
0,0,1745.0639770994203,14092.437197089195,0.6781411425786094,91,2001_2005
0,0,156.46924093785674,6275.695786237717,0.1200774328509298,44,2001_2005
0,0,402.9934665078736,7555.612053260207,0.3245112667209904,31,2001_2005
1,0,-2772.451332848776,3204.0524533987045,-1.3489116501423322,45,2001_2005
0,0,562.6517226347014,6713.131754018366,0.4516713154969322,55,2001_2005
1,0,819.6250969345565,7450.050061644288,0.6030044300490912,48,2001_2005
0,0,1441.5331099808209,12439.689148187636,0.6670162832198058,56,2001_2005
0,0,985.7091034322984,11443.778535366058,0.5059943152983445,77,2001_2005
0,0,660.3748381575251,7598.156785666943,0.5563924018008374,68,2001_2005
0,0,31.977395321018776,6615.624147593975,0.0263257605557209,40,2001_2005
0,0,-1465.766075155516,16524.920167432167,-0.3944157869125055,34,2001_2005
1,0,622.3862211743526,8037.739405021071,0.4336196400138216,52,2001_2005
0,0,1789.863339155214,13298.66063451767,0.6240090950989713,79,2001_2005
0,0,-473.9557618951112,11009.440945625303,-0.213691561191492,69,2001_2005
0,0,1434.0075324796144,12119.59355789423,0.6307504793228287,78,2001_2005
1,0,591.9266228293418,7343.653790213168,0.4999672914604453,32,2001_2005
1,0,-1337.6193412448747,3319.2825150489807,-0.981832563767894,81,2001_2005
0,0,992.9870821267368,5847.293838620186,0.9262088952403876,83,2001_2005
0,0,1044.063776695995,9258.809561610222,0.5422469569758903,40,2001_2005
0,0,2080.8521516266283,16310.94967007637,0.6063359906693367,42,2001_2005
0,0,1078.6678652945902,10035.056014537811,0.6372478518184161,75,2001_2005
0,0,1655.795916812538,11454.457536697388,0.7106366384870386,90,2001_2005
0,0,1110.24693191424,11342.80987882614,0.5719819350939371,69,2001_2005
0,0,984.1479131102568,13610.14602446556,0.4365008378190619,92,2001_2005
0,0,981.0084644772578,8661.88949728012,0.661237057372238,88,2001_2005
0,0,683.0832335359837,8111.57563996315,0.4646857879441984,42,2001_2005
0,0,1132.389469958469,13581.789742231367,0.4488402871516548,68,2001_2005
0,0,-296.723389611976,9205.23344747722,-0.1451259087291474,45,2001_2005
1,0,-656.6306886397288,16448.612691760063,-0.2053424419040427,83,2001_2005
1,0,-143.08503840053527,13165.423073410988,-0.0531310285857737,51,2001_2005
0,0,1637.0534917499645,14889.218328118324,0.584675847005441,82,2001_2005
0,0,2181.9990019276265,16020.854103893042,0.68183776167119,65,2001_2005
0,0,597.4559878895916,7712.392003007233,0.4361032564407308,65,2001_2005
0,0,512.304804428667,8107.328114032745,0.4271324898599611,27,2001_2005
0,0,441.3554845555682,7449.2613525390625,0.3847171498021193,53,2001_2005
0,0,2349.5619782119998,13708.684306144714,0.8164955185181104,61,2001_2005
0,0,4.930856825410956,7826.937870264053,0.0042115953736165,28,2001_2005
0,0,631.8623307781381,8455.53671848774,0.4216568452155162,38,2001_2005
0,0,346.7078703809529,9785.663745820522,0.2139708195621172,27,2001_2005
0,0,1980.5093262768096,14886.181441664696,0.639527777889312,88,2001_2005
1,0,-3225.045925626997,1998.3205625116825,-1.418816012672143,47,2001_2005
0,0,87.5660895403471,15068.452471256256,0.0416338424878216,58,2001_2005
0,0,2396.6602313995354,14488.071267962456,0.75489151926939,76,2001_2005
0,0,856.6819934368141,11267.58309817314,0.494212418460826,77,2001_2005
0,0,906.791111588478,10384.340541362762,0.4795809685384439,85,2006_2010
0,0,1824.531485070609,15037.048858463764,0.6498539079554035,63,2006_2010
0,0,724.7863501644579,6462.553692519665,0.9129209333467002,26,2006_2010
0,0,1372.7040292859074,11122.351262927055,0.5629460956648772,88,2006_2010
1,0,2901.5701695303032,22543.27178272605,0.7499278842965375,94,2006_2010
0,0,1040.1194682416208,14062.59387254715,0.425026940009016,47,2006_2010
0,0,807.6104160914201,15790.905204117298,0.2257826068897297,42,2006_2010
0,0,2678.6485582968235,20685.54606947303,0.7406220099118137,31,2006_2010
0,0,3741.946649006568,15555.06039980054,1.4462986301508374,66,2006_2010
0,0,1941.7546469856047,9795.86909353733,1.296122393724302,45,2006_2010
0,0,1831.1958691626787,12867.49385535717,1.1920408398705475,67,2006_2010
0,0,2876.509175314753,18124.63515979052,0.9668932816277104,55,2006_2010
0,0,1736.9425456752178,13888.848265886309,0.6451519521292459,87,2006_2010
1,0,693.935978954777,8189.337967202067,0.4771538191974522,52,2006_2010
0,0,1177.488261542814,9414.577015697956,0.8326193420395351,59,2006_2010
0,1,1093.7451843380932,10836.020980238914,0.5547196999963784,64,2006_2010
1,0,-755.2710830619094,3074.619684100151,-0.5198558187604421,33,2006_2010
1,0,2728.038559380733,16312.293425559998,1.088876958693796,36,2006_2010
0,0,2174.2086209207773,17005.186347417533,0.6293004353207178,66,2006_2010
0,0,1709.5644288646054,14647.227535791695,0.5625786451980426,88,2006_2010
0,0,2295.2267638562244,12354.578335285189,1.302300618724962,68,2006_2010
0,0,1471.8391223545425,14644.280328512192,0.5511340940051863,55,2006_2010
0,0,803.2191040664911,9235.546211242676,0.5002064075263255,37,2006_2010
1,0,1321.5210564714416,8609.80307278037,0.8785314438427918,51,2006_2010
0,0,1854.3303447323744,15676.321099340916,0.618334645149577,27,2006_2010
0,1,920.7627833724018,8326.536932349205,0.5560978456215229,94,2006_2010
0,0,1527.4383345200367,12429.526330113413,0.5699032771217909,82,2006_2010
0,0,636.614311591924,7954.985656693578,0.4485776257473148,66,2006_2010
0,1,651.4599146965193,8167.464940905571,0.4627259430979312,61,2006_2010
0,0,-1122.9589736510409,5140.759337082505,-0.4003222475186073,33,2006_2010
1,0,518.1524593732884,6902.917054891586,0.5132929903978168,26,2006_2010
1,0,1018.6377127647402,8862.880732417107,0.5749942968609613,75,2006_2010
1,0,1418.6029836290672,8742.802265644073,1.0095931220825167,83,2006_2010
0,0,956.7829483404748,9648.0552354455,0.545272527121428,63,2006_2010
0,0,2662.8899658232003,20740.175591111183,0.7606325066855104,35,2006_2010
0,0,1006.41035291996,14027.88311585784,0.3436399914887881,57,2006_2010
0,0,2072.887574017048,19250.2153185606,0.6633454294865547,64,2006_2010
0,1,1274.7684063545005,8459.7309319973,0.9663846476212532,36,2006_2010
0,1,1627.5354383945469,12391.438881397247,0.7787722168179585,93,2006_2010
0,0,-746.7960676391958,3085.3596433252096,-0.4447855602927778,42,2006_2010
0,0,1834.390434259776,15064.835891276598,0.5126063315389469,43,2006_2010
1,0,1008.9196328878406,8582.695321559906,0.5926933469729777,84,2006_2010
0,0,829.9972372908142,7848.811700165272,0.5962510111238438,27,2006_2010
0,0,824.6921429071572,6686.001333475113,0.7021231823776031,94,2006_2010
0,1,2190.696222465858,8790.023139417171,1.5268387001199597,33,2006_2010
0,1,1286.1239085773975,8489.196481823921,0.943813238705633,39,2006_2010
0,0,1221.5708032876255,9066.862720906734,0.6825464662645452,76,2006_2010
1,0,992.2619070373912,8450.526883289218,0.6643820333286449,59,2006_2010
0,1,1477.575834399462,11559.51551413536,0.7740660652570798,80,2006_2010
0,0,1692.6679975907136,16511.83514070511,0.5013105973731777,27,2006_2010
0,0,249.9616277558725,6726.230864226818,0.1947427797231627,49,2006_2010
0,1,984.6065121412284,11810.91740512848,0.4916388500889374,77,2006_2010
1,0,67.81742491565092,6380.498956799507,0.0495841575797653,61,2006_2010
0,1,1432.8665989041328,13117.749459862707,0.5124009923146947,81,2006_2010
0,0,1223.8162084428022,7979.372615098953,0.9055252010507646,56,2006_2010
0,0,3219.8555085778244,16827.150152742863,1.3353991799869436,69,2006_2010
0,0,532.3965063776823,4177.123683571816,0.677961501261957,53,2006_2010
0,0,2640.466756813228,18191.00366538763,1.1101485160399367,76,2006_2010
1,0,1173.7216860450808,10495.13494193554,0.5963872749029485,59,2006_2010
0,0,1373.7241101773452,10680.704352736471,0.6082512600914542,74,2006_2010
0,0,1431.8998663341629,10964.771777838469,0.656543493811374,73,2006_2010
0,0,-648.8554148583207,3441.3861109912395,-0.3725296052655709,34,2006_2010
0,0,1645.308687296454,15101.507409214972,0.5503001282170885,57,2006_2010
1,0,1643.671272236108,14000.38625446707,0.5718539714277965,38,2006_2010
1,0,1315.9701230049131,6295.932569861412,0.9380269732978552,51,2006_2010
0,1,1071.770098781586,11746.566070199013,0.4895058035826068,81,2006_2010
0,0,-2046.6743987616735,6814.553413838148,-0.5172538912929768,26,2006_2010
0,0,-328.81274387530266,5420.495150566101,-0.2463645166099365,74,2006_2010
0,1,233.6858439468433,7083.096179842949,0.2229026371948972,50,2006_2010
0,1,1557.5934312961072,11108.323840994388,0.7642364929044692,93,2006_2010
0,1,905.5471198678024,10349.69460129738,0.4701557514804827,85,2006_2010
1,0,2214.792791332304,13959.084925353529,1.2145492780642777,78,2006_2010
0,0,893.9068133394858,8460.129388526082,0.5995449787239043,26,2006_2010
1,0,1843.9320507910104,13251.09111943841,0.6329740908575745,73,2006_2010
0,1,965.8288187175986,9963.720487713814,0.5107024445847744,88,2006_2010
1,0,2377.201248311996,15581.61839839816,0.8048067450007882,54,2006_2010
0,0,2939.3628806568686,16203.438234090803,1.430668841077544,76,2006_2010
0,0,1315.1351782381537,12820.248128414154,0.5978171322615945,41,2006_2010
0,1,1025.2274311939254,21828.861805081367,0.2303377258038384,50,2006_2010
1,0,1261.5034483194358,12161.117912054062,0.687684354407569,82,2006_2010
0,0,2614.295120337232,15711.22345149517,1.1005447292988135,36,2006_2010
0,1,829.3804506906508,7952.816307492554,0.5999682434951342,37,2006_2010
1,0,1927.43074842263,13147.611847400663,0.6662067403911485,79,2006_2010
0,0,677.7523793647542,12498.789959847927,0.2736291155153535,32,2006_2010
0,0,1680.6643446221951,8938.892493605614,1.3760576382078171,81,2006_2010
0,1,3226.5628783095635,14811.358748555183,1.431476509893141,76,2006_2010
0,1,560.171491996116,5027.850620061159,0.9369001346635673,41,2006_2010
1,0,2090.042834561504,16830.300523757935,0.6615941656059551,92,2006_2010
0,0,942.6366201639177,17610.673378825188,0.2331993176601718,56,2006_2010
1,0,2698.1357562484336,9437.34498605132,1.6499019264628227,36,2006_2010
1,0,815.05058478918,9923.645812571049,0.4237958999704361,83,2006_2010
0,0,1715.6330658678198,13756.265863120556,0.6556205505002691,38,2006_2010
1,0,1394.4778802179844,11398.492049217224,0.7968735709848421,36,2006_2010
0,0,693.902058740845,13559.84380030632,0.3053737732531892,92,2006_2010
0,1,-80.31577379160444,6345.027587413788,-0.0575114565159347,56,2006_2010
1,0,1990.481879886613,14667.280040189624,0.6144263209249432,69,2006_2010
1,0,984.5072497141956,8204.59738433361,0.7094857366031723,26,2006_2010
0,0,1362.825430381297,13204.643825411797,0.571211845399359,35,2006_2010
0,1,806.7110977172852,9664.22261607647,0.4414199301862533,89,2006_2010
0,0,1032.2020431131132,9644.433343410492,0.5841469898647097,86,2006_2010
1,0,965.268987575173,9013.825187921524,0.5612356891746254,70,2006_2010
0,0,1159.3542322782205,7640.7498244047165,0.9858706747999408,52,2006_2010
0,0,988.3170240218196,8383.326836407185,0.6588506751287998,25,2006_2010
0,0,2128.502981369569,14340.09472322464,1.2287766526131734,82,2006_2010
0,0,-648.2027957957325,4561.4739944934845,-0.3676579108738151,25,2006_2010
1,0,1415.9696085751057,10895.721101760864,0.8229171273274808,92,2006_2010
0,0,680.420944935533,7525.261603176594,0.5329584936379226,49,2006_2010
1,0,2476.8811558282,20552.503227978945,0.7175629683284048,63,2006_2010
0,0,935.4351915152274,8371.71087050438,0.7743644378740462,76,2006_2010
0,0,915.0719788244696,7419.79834061861,0.6681538093212794,55,2006_2010
0,1,625.3293120622639,7986.513133764267,0.4181648043333831,59,2006_2010
0,1,1489.3701625209303,11714.98290526867,0.6431305250340983,36,2006_2010
1,0,3313.163285556435,18639.817024707794,1.2958081809221962,69,2006_2010
0,0,1432.2371136850034,12905.687507152556,0.5678694273560287,73,2006_2010
0,0,1729.482080441714,14785.477552175522,0.5562364597214995,60,2006_2010
0,0,592.0456959128387,15938.658755481243,0.1628440165634107,48,2006_2010
0,0,3325.530182123184,16080.739837884905,1.3960962629110407,83,2006_2010
0,0,2456.118845334649,18225.02234172821,1.0568879408465557,62,2006_2010
1,0,2170.988275286294,14496.725252866743,0.7957512372360979,71,2006_2010
0,0,847.8732468426224,10494.317957997322,0.441510443191594,70,2006_2010
0,0,1632.696523654187,15587.434674561024,0.5452249012201065,39,2006_2010
0,1,3791.050053578758,18387.705736983567,1.1582946237511311,70,2006_2010
1,0,683.7342213362454,7412.496057510376,0.4592765416468264,64,2006_2010
0,1,4199.067625646479,18081.686580240726,1.3815757656966778,70,2006_2010
0,0,1305.995133990049,11984.341587305067,0.6382548967759072,82,2006_2010
0,0,245.0135274186732,6908.250609397888,0.2029768042801897,86,2006_2010
0,0,916.3213570252065,17113.510493695736,0.2338560442525256,46,2006_2010
1,0,2025.8222089948283,14213.94777417183,0.722833404934428,91,2006_2010
0,0,938.2244122147558,8333.184730052948,0.5223449256959701,53,2006_2010
0,0,2842.758261314035,17961.521060347557,1.1732591130245489,42,2006_2010
1,0,-272.5211336540233,2538.626015841961,-0.2390075415619734,43,2006_2010
1,0,-1443.0708065465096,5273.271627783775,-0.5085422715264355,30,2006_2010
0,0,300.78740048280724,7163.197134107351,0.2273548580113518,29,2006_2010
1,0,1345.9158940386978,7809.4944858551025,1.088208816474356,53,2006_2010
1,0,806.8353465572,7801.2282371521,0.5487470284379244,69,2006_2010
0,1,3570.4858431612374,14276.992571651936,1.4004227124323183,42,2006_2010
0,1,954.5452945224934,9775.27526152134,0.5472877657131437,85,2006_2010
0,1,1134.1298180103297,10732.25278365612,0.5742552043227834,78,2006_2010
0,0,3255.368725290882,19528.594306766987,0.9446202863813596,58,2006_2010
0,1,912.1307949721812,9959.64397263527,0.5271194386329464,54,2006_2010
0,0,1709.614999834448,13714.25342476368,0.7043728118445958,28,2006_2010
0,0,1142.2606312857752,10508.655135035517,0.4773386732369571,70,2006_2010
0,1,1063.3182076884789,6995.942983865738,0.7400160492342133,50,2006_2010
0,0,2316.548457217217,12649.616295576096,0.7857348048751384,73,2006_2010
1,0,806.4686178449729,7972.32674986124,0.5537271860198085,45,2006_2010
0,0,656.6497695657426,8317.581737279892,0.4361992989176849,35,2006_2010
1,0,-1108.7008277856394,4671.713262587786,-0.4348506067802794,38,2006_2010
0,0,1156.027689828993,9137.260789901018,0.7484574486848388,62,2006_2010
0,0,1925.963266390561,11839.007063388824,0.6644497844399974,81,2006_2010
0,0,1830.407766739936,15788.31538027525,0.5689011336994308,51,2006_2010
0,1,712.8690172053866,10608.77392590046,0.3698514164198219,26,2006_2010
0,0,2408.636318562925,18508.87574636936,1.0080656241144244,33,2006_2010
0,0,1404.7375544894494,12832.3914680928,0.5492646274053101,81,2006_2010
0,0,2516.3260718360543,18033.448208391663,0.8153124705200517,35,2006_2010
0,0,2658.681099298596,18955.51838350296,1.0584434710112722,45,2006_2010
1,0,1522.7588417410843,13573.07380437851,0.6788337432081498,92,2006_2010
0,1,423.62602361339486,6758.8837815746665,0.4165780365300873,34,2006_2010
0,0,920.4180161576714,5728.782293185592,1.0331428203504642,26,2006_2010
1,0,1878.9088808179115,13521.104647040367,0.6818611697944873,74,2006_2010
0,0,1256.348283370211,10207.234647393228,0.5240901629050648,77,2006_2010
1,0,2174.2086209207773,17005.186347417533,0.6293004353207178,73,2006_2010
1,0,983.6010052025322,10169.526321589949,0.5169709514887324,84,2006_2010
1,0,2215.984718851,13525.83809697628,0.7147947826726961,73,2006_2010
1,0,1707.3518791109327,13066.474207043648,0.5933212959499838,67,2006_2010
1,0,1173.450938094812,9163.520941734314,0.672244941696996,74,2006_2010
0,1,208.16411319723196,5735.565920114517,0.1738960013315403,47,2006_2010
1,0,1527.0718452581568,14113.490610063076,0.588877791454652,33,2006_2010
1,0,320.4647199824449,5628.3020433187485,0.3299371860584085,82,2006_2010
1,0,1422.6249246984717,14284.17512357235,0.4851784979288711,82,2006_2010
1,0,1068.48807220459,8784.014140605927,0.6879655194843376,96,2006_2010
0,1,925.4398571451528,7998.792429089546,0.6726239499700657,28,2006_2010
0,1,4192.971021415293,18725.02077305317,1.3451501654248228,71,2006_2010
0,0,872.2526033712929,8533.852791905403,0.6015099525016762,31,2006_2010
1,0,2264.906028938294,18667.88441002369,0.7190360645114315,90,2006_2010
0,0,1202.865847301484,10635.928249835968,0.7000756876001174,77,2006_2010
0,0,1602.4950953394182,11307.347822472451,0.6274444455669904,51,2006_2010
0,0,1331.4486014634367,11515.234084680676,0.586314448905306,68,2006_2010
0,0,875.8756593082098,6675.635471999645,1.064851695509429,61,2006_2010
0,0,972.2813435422396,13904.6066121459,0.3766320891142817,50,2006_2010
0,1,1701.256989279389,12897.343197226524,0.6376083823662416,84,2006_2010
0,0,1586.812836152316,13467.568267583849,0.5291363994895291,83,2006_2010
0,0,1282.8047644041017,7427.2996163368225,1.1524223724533464,36,2006_2010
0,0,700.6914204340474,7738.171763122082,0.55863716358907,41,2006_2010
0,0,2994.8740324050195,20435.570735275745,0.8378438114677341,63,2006_2010
0,0,621.2781443953518,8457.557446360588,0.4127672043643464,59,2006_2010
1,0,450.67273244352873,7745.087854862213,0.4084795118547928,65,2006_2010
1,0,2575.687714980915,16315.30583691597,1.0209198987143269,34,2006_2010
0,0,1092.4767884969715,8794.148451566696,0.6287171769827737,34,2006_2010
0,1,1690.2372770431484,16691.83896893263,0.4939274912720564,27,2006_2010
0,0,916.4633326016664,14290.77139478922,0.3617679487936502,58,2006_2010
0,0,1100.1032990634449,11801.605799913406,0.6113693655176526,84,2006_2010
0,0,1755.576221191055,14290.947187006474,0.5929715187420623,67,2006_2010
0,0,920.7175505551186,6950.844407916069,1.1213284085247095,43,2006_2010
0,0,561.7719232633708,8119.655269145966,0.3765955698147947,76,2006_2010
0,1,2074.965630343649,12758.56005370617,1.280895437930782,88,2006_2010
0,0,1724.2511019707636,16902.406501084566,0.5063402129681583,47,2006_2010
0,1,1640.3295331097945,16354.131632387638,0.4962102337331187,51,2006_2010
0,0,2961.254492973137,11129.897173047066,1.623797092759406,31,2006_2010
1,0,1216.4067580378596,8749.830196022987,0.8699145277802265,58,2006_2010
0,0,1604.667415713844,11527.78098165989,0.6932947197554381,33,2006_2010
0,0,1137.8116511747012,8552.326856017113,0.7452826971876597,43,2006_2010
1,0,2481.4770445099093,20543.199983464558,0.7240314979408278,28,2006_2010
1,0,-1710.8843355293093,5066.356359302998,-0.5504057828786605,38,2006_2010
0,0,785.7648216023481,17169.297536730766,0.1947108043377917,52,2006_2010
0,0,690.3779422938824,6391.314860463142,0.6321530714206328,29,2006_2010
1,0,300.0662306133654,6741.094872951508,0.2787489039324229,31,2006_2010
1,0,-922.4401151828642,5585.840449512005,-0.3822055012116355,74,2006_2010
1,0,120.51941093415644,6168.299195051193,0.1182093790896966,86,2006_2010
0,0,1454.753271983276,11083.407172441484,0.6053961825505035,86,2006_2010
0,0,2724.6187113404267,18390.681291103363,0.9171330107723108,61,2006_2010
0,0,822.7832336294196,13874.74874329567,0.3199883117860874,72,2006_2010
1,0,2038.1249122475529,14230.36669397354,0.729881085130045,72,2006_2010
0,1,1636.7366994214335,9729.022522211077,0.7900476995003305,85,2006_2010
1,0,-498.7181955094802,4659.387828499079,-0.2898518451104959,58,2006_2010
0,1,2463.1167697402743,19209.029313087463,0.6488910066130307,34,2006_2010
0,0,1515.1485820889466,13949.558723211288,0.6765717949733443,91,2006_2010
0,0,963.7448837637894,9716.037348508837,0.5428570361869255,71,2006_2010
0,0,-106.66365719214082,6330.718166738749,-0.076723588290269,88,2006_2010
0,1,752.4399887911477,7712.200208492577,0.5357262085506702,37,2006_2010
0,0,1101.27097273469,14292.915584266186,0.3164795989900932,30,2006_2010
0,0,1936.573517531548,12475.540458142756,0.7274023328543427,73,2006_2010
0,0,2733.5992084562786,16322.166750788689,1.1841939780445483,77,2006_2010
0,0,636.0185590744022,7412.996227145195,0.4375668639892828,73,2006_2010
0,0,875.644168968638,8064.514721126761,0.5998615760810478,33,2006_2010
0,0,1561.2854221161451,14838.679379463196,0.5423796537897124,92,2006_2010
1,0,2773.1178411901,18603.8439142704,1.078615099081173,39,2006_2010
0,0,723.7414686903358,16844.88203921914,0.1750507842042215,62,2006_2010
1,0,-440.6653027504681,5509.213796675205,-0.2579200279529772,46,2006_2010
0,0,726.2257844924934,9920.187409043312,0.4167545997796272,66,2006_2010
0,0,2731.3502385687098,20409.91263055801,0.8005642986449271,77,2006_2010
0,0,2728.947955305932,16178.221586495638,1.0012579992907544,32,2006_2010
0,0,2293.5797372858287,10907.68151819706,1.3887735906487046,34,2006_2010
1,0,1900.1930153248088,12837.000472068788,0.7632155156745538,55,2006_2010
0,0,1465.8935873893845,14831.181963443756,0.5287558902865783,83,2006_2010
0,0,2695.365262086223,16598.52443140745,1.051061692007651,26,2006_2010
0,0,2164.2613178044267,16292.19501659274,0.6918312231166043,62,2006_2010
1,0,1106.0085622876886,9689.915338993073,0.5214702796218705,34,2006_2010
0,0,2372.967014808168,17514.806114673615,0.6316377318933787,43,2006_2010
0,0,2684.6643640533093,18609.92380928993,1.1132680460240751,82,2006_2010
0,0,2079.3292721367125,12467.00358825922,0.804686828660637,86,2006_2010
0,0,1280.7046072244648,14836.711639881134,0.5694749106313227,86,2006_2010
0,0,1090.5778454870217,8996.552286863327,0.7146386299309485,83,2006_2010
0,0,1080.9612146126874,7710.31908595562,0.8716779791963508,35,2006_2010
0,0,1004.4480848312378,9154.400051996112,0.5666887773987056,86,2006_2010
1,0,1204.8813880920409,8397.97197318077,0.7147884861535657,49,2006_2010
0,0,982.25376000279,13622.07207429409,0.3816852695954399,44,2006_2010
1,0,1408.8931612972174,12353.802014678717,0.5278106370149137,80,2006_2010
0,0,1404.3813362095152,10636.24536895752,0.606514989503886,71,2006_2010
0,0,1874.804775531311,16011.833332061768,0.5604105142757789,81,2006_2010
1,0,768.8642971407244,7273.48685914278,0.6269400513855794,46,2006_2010
0,0,217.87968787997968,1868.0235405564308,0.5539560110986802,76,2006_2010
0,1,3572.500720744556,19881.04073530436,1.045979432366061,48,2006_2010
0,0,1595.5560136059694,8759.168710768223,1.0861822293244472,63,2006_2010
0,0,1031.381191307306,8903.453914403915,0.5940360065114246,63,2006_2010
0,1,1778.718889023763,13520.46693789959,0.6126203477143017,86,2006_2010
0,1,471.8969648943285,7540.948058128357,0.3460212265530731,71,2006_2010
0,0,1076.2782624169904,8323.87195172906,0.7379381327958942,49,2006_2010
0,1,1021.42287285776,7361.367064118385,0.9058557012638324,25,2006_2010
1,0,1429.4560893002636,12732.757013142107,0.5176012240661197,87,2006_2010
1,0,3932.3302365786567,17082.934615164995,1.3981059588354547,54,2006_2010
0,0,2057.662036679796,16318.53903722763,0.5786763830536168,84,2006_2010
1,0,1577.2939058661468,16105.353882670404,0.6041830544362453,88,2006_2010
1,0,1020.2377082467063,18898.230969667435,0.3470091628595966,44,2006_2010
1,0,306.66958528235546,3730.4189981892714,0.4551763325070747,54,2006_2010
0,0,1321.2912661288228,8491.220404922962,0.976481642447943,82,2006_2010
0,0,1248.793743935228,10578.432914853096,0.5443838097172252,89,2006_2010
0,0,902.7328814234296,7209.4990016222,0.7058819292084335,47,2006_2010
1,0,2159.6289644326607,16072.552561879158,0.6462477999899091,63,2006_2010
1,0,1124.5894823990766,7135.265514314175,0.7589693109410637,50,2006_2010
0,0,1744.8810323581092,12007.924317121506,0.6936040557659415,75,2006_2010
0,0,702.8946998817173,8505.551574409008,0.4772630882827315,41,2006_2010
1,0,1368.7381063971006,10253.892613172531,0.6385524153077974,74,2006_2010
1,0,3075.6274666476293,13557.80774101615,1.4437114889321931,47,2006_2010
0,1,953.6945695400244,9617.259789705276,0.5855459318502944,93,2006_2010
0,1,1170.335811936855,12074.07789671421,0.5405767804156211,74,2006_2010
0,0,1410.405950881226,12811.341335058212,0.6983437421927643,47,2006_2010
0,1,1093.1350738702722,8140.159813627601,0.769444582005152,46,2006_2010
0,0,2278.7663222048923,16508.751049160957,0.71473791146796,57,2006_2010
0,0,2702.8582869134843,12412.738716483116,1.2796329154079362,73,2006_2010
1,0,873.8228599843496,9335.88968372345,0.4249212337834324,74,2006_2010
1,0,1052.2771315217014,10446.669281959534,0.5516314926923545,77,2006_2010
1,0,1074.2394590089189,7443.518970608711,0.8917375844898601,54,2006_2010
1,0,2606.868071226776,16485.77637696266,1.234986654354744,90,2006_2010
0,0,1710.795002931196,16606.900728344917,0.509160738226565,31,2006_2010
1,0,894.6615903019901,9767.72028028965,0.5139754136891771,77,2006_2010
0,0,1132.8667660951614,9220.011010289192,0.6167039898678891,75,2006_2010
0,0,793.527973631024,9817.08243626356,0.4441123022462755,93,2006_2010
0,1,2604.619637800939,18531.167303994294,0.6987600218245178,55,2006_2010
1,0,1464.4455251840243,11942.034879922869,0.5792301559945768,85,2006_2010
0,1,1430.4025162637226,12482.787032723429,0.723828693597812,78,2006_2010
0,0,1443.6295324325563,12235.676273822784,0.7275027206593557,89,2006_2010
0,1,1266.5579357981696,19016.52303379774,0.4427262037985849,79,2006_2010
0,0,674.7840578615669,17058.574223339558,0.1695003490630072,74,2006_2010
0,0,982.25376000279,13622.07207429409,0.3816852695954399,39,2006_2010
0,0,-147.57906917476794,6356.696148872376,-0.0921678328310918,61,2006_2010
0,0,1543.1980858829484,9181.335438728333,0.942197961169334,50,2006_2010
1,0,1058.5712559521198,11436.8667075634,0.5319421929930419,81,2006_2010
1,0,1381.4930210624025,10505.383732795715,0.6249881642339827,72,2006_2010
1,0,1814.6866207122805,15192.593468904495,0.6272428372814907,39,2006_2010
1,0,1502.2716141403123,12185.344712853432,0.572587621502564,88,2006_2010
0,0,2798.8019354850057,18064.82592618465,0.9112199913665396,58,2006_2010
1,0,2166.1248745166904,17958.588254332542,0.5833325579684113,25,2006_2010
0,0,1149.159143075185,8219.49372304976,0.792165480478385,49,2006_2010
0,0,1386.0554715085343,11263.62892651558,0.5630474108311766,82,2006_2010
0,0,2686.211101302226,20577.394437909126,0.7484088765265879,25,2006_2010
0,0,1289.1727820787582,14501.65044504404,0.4680743162416773,96,2006_2010
0,0,2898.2611685939137,12260.837195634842,1.4612097765667795,76,2006_2010
0,0,-1075.5033591550773,4082.237808853388,-0.4873826972623606,42,2006_2010
0,0,876.3155360094343,8330.394373059273,0.589181331016386,37,2006_2010
0,0,938.6135439183226,8025.855571299791,0.6866705581424497,51,2006_2010
0,0,67.5414871690682,6559.898859858513,0.0453320339414152,60,2006_2010
1,0,1113.7667435731837,8620.540441334248,0.7346591335844255,25,2006_2010
0,1,-181.6596950206904,7786.983784556389,-0.1149457275745545,54,2006_2010
1,0,1048.9734855715706,8199.148939609528,0.7617184667344418,35,2006_2010
0,0,2449.380359779703,16580.05930776894,0.7309331154207204,83,2006_2010
1,0,1799.9314776069368,16885.11097276956,0.5574451394811885,93,2006_2010
0,0,33.36774487524508,8110.452032327652,0.024173773482008,89,2006_2010
0,0,896.1724602898494,7703.48411744833,0.6365892461086182,48,2006_2010
0,0,1429.2838296743869,12457.419142007828,0.679870719903929,86,2006_2010
0,0,1035.567556655407,9507.904026985168,0.5510252350822842,72,2006_2010
0,1,-1321.8548932572066,4752.416429460049,-0.5723857978123796,44,2006_2010
1,0,914.4609823703768,8099.297395467758,0.6852927288434745,96,2006_2010
0,0,26.213474676801525,6347.248058021069,0.0196801870999359,62,2006_2010
1,0,1378.1160630583763,9694.877227902412,0.7108653673275129,90,2006_2010
0,0,1303.5820774102122,10495.443432092668,0.5968343672903115,44,2006_2010
0,0,2967.220844224328,19388.299894556403,0.9571105430559186,48,2006_2010
1,0,2478.985142076872,16650.96835398674,0.965035337600312,67,2006_2010
0,0,1364.6079791903503,12528.100814700128,0.6018201179881609,81,2006_2010
0,1,905.2966324299578,11504.10050368309,0.5157791341603163,79,2006_2010
1,0,2067.453821483319,15492.882224321364,0.7160697387378371,91,2006_2010
0,0,2883.342479803414,19156.592003941536,0.8744097384102077,76,2006_2010
0,0,2707.2549811363224,18728.97061419487,1.0830476362485,55,2006_2010
0,0,833.3855825213368,8693.861784219742,0.533793360051394,92,2006_2010
1,0,985.5610938906666,9750.771591305733,0.5721788432778656,33,2006_2010
0,1,-1657.7373716836564,4655.820475250483,-0.5940352985329643,42,2006_2010
0,0,2710.615821244637,11347.507952988148,1.6028742709930976,29,2006_2010
1,0,89.75263278391776,6361.713007569313,0.067844872876532,78,2006_2010
0,1,467.97258872696784,6210.414396345615,0.7754661264306382,63,2006_2010
1,0,1769.1544459990218,12440.202532052994,0.6546635067028436,79,2006_2010
0,1,1263.6813297417657,8522.656727194786,0.8402266394400534,43,2006_2010
1,0,497.111538199335,8583.730558872223,0.3211840618478611,93,2006_2010
0,0,752.5037098953444,8031.975158572197,0.5488036800859305,38,2006_2010
1,0,1018.1441401362416,9185.8357360363,0.5405240753201453,84,2006_2010
0,0,1210.0982506336222,8532.997105777264,0.8817410641533914,30,2006_2010
0,0,498.5638366863132,16489.67601519823,0.1316590678041654,67,2006_2010
0,0,742.7930408121974,8045.77696454525,0.5266754171001907,47,2006_2010
0,0,-1006.7147038816038,3406.732997924089,-0.5129530634463639,28,2006_2010
1,0,585.4230807558879,7037.4102121293545,0.556628892504267,32,2006_2010
0,0,950.30267049121,7758.160764485598,0.7328247652485934,62,2006_2010
0,1,268.8153125666085,8863.754043579102,0.172214815697014,81,2006_2010
0,0,1336.7227935567098,14716.11424022913,0.5003109484066335,71,2006_2010
1,0,1694.8126837730406,9756.948755025864,0.8249609659343509,93,2006_2010
1,0,1760.9627904124172,13862.58154785633,0.605358570115906,90,2006_2010
0,1,3156.973401841522,22526.407024100423,0.8780597612520411,47,2006_2010
0,1,421.1504711431926,6569.892378032208,0.4313801159293038,33,2006_2010
0,0,2219.5649435882915,20419.63286508806,0.6396776715544799,28,2006_2010
0,0,-1117.5616516827913,5636.583547472954,-0.4047009603464789,29,2006_2010
0,0,3156.002823816798,20303.261712562293,0.9246765065442724,35,2006_2010
0,1,-622.7291902951147,2740.7095698416238,-0.4258473431320412,43,2006_2010
0,0,1818.7333060655749,13226.66870546341,0.8687274736823545,93,2006_2010
1,0,2242.4209075689323,14546.335907399654,1.0772286609854294,38,2006_2010
1,0,1614.2209815442566,13837.14843261242,0.6378710216455941,32,2006_2010
0,1,1545.6915769073494,11178.542724519968,0.8555692604160132,57,2006_2010
0,1,1125.7639104829314,9042.79265332222,0.6379014581493014,52,2006_2010
0,0,1230.7154247310136,9615.576823771,0.6081740791202003,64,2006_2010
1,0,1154.9484314068886,8059.503521442413,0.8399029185479328,34,2006_2010
0,1,1185.7136978387823,17739.053377509117,0.4205066435852881,32,2006_2010
0,0,3032.006974693388,17272.255352139473,1.377396410402765,85,2006_2010
1,0,2719.6696060508493,15428.739595890043,1.2483203816240964,93,2006_2010
0,0,1729.0124429762363,13436.06199580431,0.7451218306105802,59,2006_2010
1,0,834.6076581511647,4151.213494477794,0.960707804410957,36,2006_2010
0,0,2525.466176552327,20153.55200099945,0.7519141671296223,63,2006_2010
0,0,1832.7928266633608,13360.378548681736,0.685895295174406,78,2006_2010
0,0,2133.3449746842816,15186.70216190815,0.6210084144147601,79,2006_2010
0,1,1349.4205770287354,8472.465353906155,0.9347609837311592,26,2006_2010
0,0,904.6660957789792,8184.732573762536,0.6567025292272468,41,2006_2010
0,1,612.0167675871598,7155.834535449743,0.512615624667416,36,2006_2010
0,0,2420.422920450568,12671.804317831991,1.4115337293148866,77,2006_2010
1,0,1368.5442995190624,12399.612696766852,0.6072981015856772,54,2006_2010
0,0,2719.240548408032,18351.940027415752,1.1544294788411735,76,2006_2010
1,0,1197.1746385343822,9263.931174635887,0.6562363940456214,76,2006_2010
1,0,609.3979637458924,8578.212542057037,0.394713686939469,42,2006_2010
0,0,961.575973658013,8416.98787343502,0.64067595324396,26,2006_2010
1,0,367.6576913684608,3389.626137554645,0.5835915701236003,35,2006_2010
0,0,940.5544411582032,7059.780986458063,0.7217991349218148,44,2006_2010
0,0,-1027.4799887940508,3705.634459853172,-0.4827991057150751,35,2006_2010
0,0,675.7335342661481,12816.6828263402,0.2673609169285473,39,2006_2010
0,0,1123.1824479510133,7541.05244576931,0.9819172618825048,48,2006_2010
0,0,2818.2321521431204,18394.091723680496,1.2611294992109374,79,2006_2010
1,0,1656.768944139778,12355.947204709051,0.5555993013763143,64,2006_2010
0,0,2230.1284819617867,14372.881989955902,1.071516485676392,39,2006_2010
0,0,1412.2353416844962,9708.937863111496,0.8746858433066815,55,2006_2010
1,0,1187.5016884945326,10074.653612077236,0.6333198718058668,48,2006_2010
0,0,1599.331540375948,9936.084718704224,0.8410917286789046,48,2006_2010
0,0,1246.5386666072736,13411.39010643959,0.4326514284121608,85,2006_2010
0,0,1779.5036092758182,11447.39701640606,0.8798230941222348,57,2006_2010
0,0,578.7728394895084,5081.294565677643,0.947396981442803,36,2006_2010
0,0,1468.2206917330625,12258.395471930504,0.5598005704021928,84,2006_2010
0,1,160.69523369405033,7218.662277340889,0.1442290991610947,43,2006_2010
0,0,891.1810817261194,8735.43108034134,0.5790412639049043,51,2006_2010
0,0,-891.6687712909652,4036.323206484318,-0.4251339563202541,74,2006_2010
0,0,1173.852965084141,9562.29610337317,0.7028463165650501,60,2006_2010
1,0,596.8952387273312,8157.262276887894,0.4049603868644572,28,2006_2010
1,0,1354.8722738311217,9454.450706124306,0.7010741265340795,71,2006_2010
0,0,930.3680628776548,7403.389530271292,0.6602546511869822,74,2006_2010
0,0,822.3574135959152,7966.643191456795,0.4863285370858311,95,2006_2010
0,0,1883.705181559921,13960.185391426086,0.7278354931264148,36,2006_2010
0,1,1662.1144671944894,12868.204673171043,0.7222894934876871,92,2006_2010
0,0,965.268987575173,9013.825187921524,0.5612356891746254,79,2006_2010
0,1,909.709430411458,16866.476449370384,0.2340268439503566,66,2006_2010
0,1,1032.476794278622,11061.487596392632,0.5307044436744032,80,2006_2010
0,0,535.3063991896051,6926.956370669883,0.3968223320960261,53,2006_2010
0,0,1121.2978795616773,8239.936680018902,0.7902530923906925,31,2006_2010
0,0,3504.378347483278,16952.173224925995,1.4388210634810916,87,2006_2010
1,0,-1063.6704507935792,3908.134685635567,-0.4954832540674886,28,2006_2010
1,0,1274.2019899064544,13619.94355303794,0.4323927363511289,45,2006_2010
1,0,1927.43074842263,13147.611847400663,0.6662067403911485,67,2006_2010
0,0,576.6574109721932,14685.111470401289,0.1786161498333402,30,2006_2010
0,0,1599.149781803042,15190.80272257328,0.8795318423991566,53,2006_2010
0,1,3226.5628783095635,14811.358748555183,1.431476509893141,75,2006_2010
1,0,-481.6150394707456,5692.187791377306,-0.3094204631530171,48,2006_2010
0,1,941.5173680923872,9260.187012553217,0.4480659304246805,68,2006_2010
0,0,1525.9162688590586,12404.647664308548,0.5770301136882502,64,2006_2010
1,0,1325.929603099823,11973.592797517776,0.6731054191093785,92,2006_2010
1,0,1315.9701230049131,6295.932569861412,0.9380269732978552,25,2006_2010
0,0,828.2895353595495,8092.303763270378,0.6142901131412983,36,2006_2010
0,0,1832.4847914563145,12544.578493714333,0.6834399784425137,53,2006_2010
0,0,1048.5160444140438,10511.910438537598,0.5469418237805207,72,2006_2010
0,0,2536.336456240713,16093.831814408302,1.2129669948026711,30,2006_2010
0,1,1312.253192567825,6692.773703694344,0.9458703377385452,76,2006_2010
0,0,1548.8639589662107,8690.924038231373,1.0606593726758833,37,2006_2010
0,0,1278.1521784675451,7982.579268097877,1.0118928887871763,69,2006_2010
1,0,1121.770820187032,15065.65654116869,0.3036043785191067,29,2006_2010
0,0,1522.5737082012,11212.312938153744,0.6768422805144191,30,2006_2010
1,0,672.4091819524765,7339.482626199722,0.439369338892759,62,2006_2010
0,0,741.5409667849526,19280.418619394302,0.2507339613939683,41,2006_2010
0,0,1213.0951728582386,11972.291832447052,0.554970844413899,72,2006_2010
0,0,1555.278989288332,14380.498357653618,0.4608898442982737,84,2006_2010
0,0,1046.8502624154007,8259.845596328378,0.7341998920364057,52,2006_2010
1,0,1043.383597542983,8317.616232722998,0.7550028578765897,68,2006_2010
0,0,1980.7166853748256,12366.756765842438,1.1829743270829136,59,2006_2010
0,1,1545.3771176397804,13470.985239863396,0.6339572242084972,29,2006_2010
0,0,4139.887588822423,17423.209514439106,1.4431107570499948,51,2006_2010
0,0,3651.194765998376,17847.593464158475,1.164872944664474,26,2006_2010
0,1,2726.930893691629,13245.723063707352,1.4160583318198523,73,2006_2010
1,0,659.6682039019579,9121.735027641058,0.3207824376381515,62,2011_2015
0,1,314.1699719190601,7356.563167452812,0.2097849309539135,30,2011_2015
0,1,6.446476090908618,6796.597885489464,0.0035225175233987,35,2011_2015
0,0,1192.4751166045662,16043.33030653,0.4208191749155451,76,2011_2015
1,0,443.8625625673685,14739.161770135164,0.1387532494864052,69,2011_2015
0,0,494.0734707900028,7703.18727196753,0.3585602522333356,42,2011_2015
0,0,1956.7254545165235,15152.94227719307,0.5978674235474534,75,2011_2015
0,0,897.8498307326345,8623.013569355011,0.5605389245581359,62,2011_2015
0,0,147.57978651672602,15493.169836759567,0.0580474419382693,75,2011_2015
0,0,1996.5686340215416,18308.760517835617,0.5130881199444195,31,2011_2015
0,1,710.8421152591709,8821.508635044098,0.4492335794382386,85,2011_2015
1,0,433.2934615732884,7917.363168478012,0.2953510317340806,29,2011_2015
0,1,-297.4544949360188,13588.34095132351,-0.1449344725532041,33,2011_2015
0,1,655.8901493337962,7917.089753627777,0.5001167032949847,50,2011_2015
0,0,549.4175272896882,15508.886469483376,0.221686343731174,50,2011_2015
0,1,399.1608098518655,7261.433693438768,0.2990218474020448,29,2011_2015
0,1,1497.4948596595025,16704.150919914246,0.3955127059776518,57,2011_2015
1,0,664.9958835577236,15103.887700498104,0.2170559713167832,78,2011_2015
1,0,2169.578557080404,14010.877139091492,0.7129598462675258,69,2011_2015
0,0,673.7677148263792,14780.673186838629,0.2310501061424839,80,2011_2015
0,1,1364.5765934467308,12809.792414665222,0.4850907116034146,83,2011_2015
0,1,560.6150503944609,12265.09146875143,0.2002536416829638,59,2011_2015
1,0,2068.9121904203203,15558.929303765295,0.6350508033483939,60,2011_2015
0,1,798.0832122308293,8890.36903502047,0.3852322771620403,81,2011_2015
1,0,570.1270819306374,8327.220237255096,0.3304662063782952,87,2011_2015
0,1,815.9306046858428,8758.445084691048,0.501672131266884,27,2011_2015
0,1,1370.002837288985,11138.728170968592,0.7061742816930298,47,2011_2015
0,1,399.97654334914114,7155.5691193938255,0.2962004062785376,31,2011_2015
1,0,-176.43115844130443,14449.003299236298,-0.0824789351741658,71,2011_2015
1,0,852.3519888281826,9324.688459157944,0.4535362777623083,66,2011_2015
1,0,1419.9352075787265,16154.036936759949,0.4252042344123987,57,2011_2015
0,0,1164.1495303540978,13548.473737359049,0.3917133157736168,79,2011_2015
0,0,2355.1032107515,18330.493649721146,0.6090144268826083,56,2011_2015
1,0,1604.697476424495,15026.86565476656,0.5583213966170107,84,2011_2015
0,0,1416.0103305925895,12865.130259171128,0.5079408985253886,80,2011_2015
0,0,745.8386850580282,7889.76322722435,0.5145320011364055,83,2011_2015
0,0,219.0376139566306,14054.12433719635,0.0930106046143368,78,2011_2015
0,1,715.3313781550155,3408.512194752693,1.1920606081569078,29,2011_2015
0,1,1486.009918195754,17122.814658641815,0.5098567798834751,41,2011_2015
0,1,2940.712211299501,7787.543475985527,1.445125973138704,55,2011_2015
0,0,1047.064403094766,9937.290395222604,0.4907749012427742,69,2011_2015
0,0,395.3061649618958,5885.854024648666,0.5063703341505991,67,2011_2015
0,0,800.0284039960707,7667.114809080958,0.7014381902834418,29,2011_2015
0,1,395.5338037311958,7175.104068875313,0.3076167532018916,74,2011_2015
0,1,349.9189942598341,7212.715118169785,0.2201534069464208,56,2011_2015
1,0,912.8952130072212,10265.188091397284,0.3910587521435243,61,2011_2015
0,1,524.4253916172784,11112.583151102066,0.2481059503200685,89,2011_2015
0,1,721.3384226926137,11686.194791421294,0.332219216654547,33,2011_2015
1,0,380.31492936611176,5985.463696718216,0.3093606850812943,84,2011_2015
0,1,1340.1442720562227,15417.92870426178,0.3851205403070331,51,2011_2015
0,0,529.5031838594714,7905.127059161663,0.3722633509857402,65,2011_2015
0,1,1010.1869065392292,10325.06904232502,0.5929970800475325,41,2011_2015
0,1,475.0160539902745,4589.423708677292,0.645290804151337,47,2011_2015
0,0,419.77462012767865,10170.992240905762,0.3127525619717447,55,2011_2015
0,0,2105.134162231483,6147.1681743860245,1.180450875244356,32,2011_2015
0,0,757.1110244983101,6743.454679101706,0.803585659147649,25,2011_2015
0,0,305.7153806768365,10602.544373631476,0.2199114531648283,76,2011_2015
0,1,328.9696048960086,7660.56928563118,0.2522314436975332,29,2011_2015
1,0,1008.2873940765858,13913.940778255464,0.3701882417452303,85,2011_2015
0,1,552.1712721191343,7420.898566961288,0.4310190801423225,95,2011_2015
0,0,1096.300591201505,10486.396762788296,0.4911028555824902,85,2011_2015
0,1,777.7308268948691,7340.235250547528,0.7175789258078711,32,2011_2015
0,0,1253.5143513241164,14096.703036665916,0.4171424206701628,87,2011_2015
1,0,761.5500171780586,7986.456439256668,0.4506640948295714,61,2011_2015
1,0,768.4912975192074,7741.959264993668,0.4830401784370664,44,2011_2015
0,0,691.2126091957089,7344.977571606636,0.5031102448983208,66,2011_2015
0,1,778.0091060767345,7547.922040820122,0.6352531290199813,51,2011_2015
0,0,608.1740730243009,8021.936876356602,0.4256952206143293,54,2011_2015
0,0,1840.372125240416,12123.80831193924,0.7542950037278834,78,2011_2015
0,0,824.2751921445124,12568.028867006302,0.3443753002074043,25,2011_2015
0,0,2322.738755469396,19505.34009513259,0.7057190520373885,34,2011_2015
0,1,466.89647163313657,7670.653478488326,0.3262441418416286,36,2011_2015
0,0,1112.6519431978468,14433.173547148705,0.4865985304145639,54,2011_2015
0,0,856.0794372700148,9223.047672271729,0.5592841157782171,94,2011_2015
1,0,185.63236696720105,8073.937005519867,0.0949691273805661,91,2011_2015
0,1,656.4203179419037,10454.26871752739,0.3557559590631554,59,2011_2015
0,0,772.4874734044079,9516.558982729912,0.4079713613599556,85,2011_2015
1,0,182.6719092279673,4351.791412055492,0.2129937816186916,81,2011_2015
0,1,416.8413231372833,9463.891604185104,0.2856904932061733,74,2011_2015
1,0,820.7122900962831,8279.031079053879,0.4539603505621802,89,2011_2015
1,0,531.7782192809509,8157.006294488907,0.3214972916407771,66,2011_2015
0,1,2327.8402176822765,8909.286165952682,1.4038348657063635,31,2011_2015
1,0,2101.022649256076,15654.422749519348,0.6043222639136072,59,2011_2015
0,0,333.0885009430349,12506.579998493196,0.1807383723118203,57,2011_2015
1,0,721.2501418736665,7830.7705532461405,0.6552053448515411,63,2011_2015
0,1,1821.976502246409,14042.320913910866,0.5661796940954625,71,2011_2015
0,0,767.0678621828556,10259.283714056017,0.3772346312969591,84,2011_2015
0,0,1904.3603869663548,14132.719265699388,0.6296811055519292,61,2011_2015
0,0,1707.450065052508,18128.01769709587,0.5655596854027093,89,2011_2015
1,0,249.35846684575156,16121.404824495316,0.1053661172087807,65,2011_2015
1,0,689.2013335789352,8740.307934045792,0.3654459049721892,70,2011_2015
0,0,1549.0922529447816,12357.528792381288,0.6226349266765132,54,2011_2015
1,0,696.9469526737921,11487.495856761932,0.3311878627825074,67,2011_2015
1,0,950.7747311808162,11212.212811231611,0.516192332148983,81,2011_2015
0,0,389.89854436814767,7608.949002861977,0.3591127169723472,29,2011_2015
0,0,731.5142192780968,9726.331095576286,0.3912655396337141,57,2011_2015
0,0,543.4397380387645,7987.50382578373,0.3460045925282122,26,2011_2015
0,1,2127.535899916444,6308.253993391991,1.159373855874306,41,2011_2015
0,0,2073.774154894054,13461.190104603767,0.6621614114819402,36,2011_2015
0,1,548.4260028600693,8754.844473838806,0.3348409670690956,67,2011_2015
0,0,399.8470870376095,7668.972064971924,0.3014007975516926,45,2011_2015
0,0,933.1971829887972,14882.404475688934,0.2997807873544798,75,2011_2015
0,0,880.1396613657471,12022.887741088867,0.407117262459667,90,2011_2015
1,0,3587.6851505574014,10855.254244863989,1.3515669241230648,35,2011_2015
0,0,629.8591416322743,8043.984543353319,0.446755243939653,71,2011_2015
0,0,739.2420291497137,7495.660779058933,0.5632972389717716,30,2011_2015
0,1,335.6675325050492,14289.313058555126,0.129275099953582,61,2011_2015
0,1,466.5816066878069,14458.850662589071,0.1518777378335908,86,2011_2015
0,1,2623.165587870404,19990.87955957651,0.754844344644417,63,2011_2015
0,0,612.0993874669075,7285.060877561569,0.4349079470213153,90,2011_2015
0,0,2042.202457288653,14884.429370641708,0.6187253349909011,81,2011_2015
0,0,545.4858551591642,9157.717155456545,0.3087030513367085,85,2011_2015
0,0,1172.9848427680354,14242.223204135897,0.4297611897324496,25,2011_2015
0,0,1250.7342302559043,11277.84766292572,0.5279291523492177,68,2011_2015
0,1,662.449695936104,7405.032873243093,0.5569194619836934,40,2011_2015
0,0,637.8990444004539,10209.394989013672,0.3286420985305054,48,2011_2015
0,1,1274.7645692140825,6970.732312202454,1.2472353009599493,28,2011_2015
0,0,830.9914851228423,9331.825215220451,0.3963801234828983,85,2011_2015
0,1,2312.3635850340124,6618.117230176926,1.238071918824567,26,2011_2015
1,0,608.1249088644981,5781.33989110589,0.5935258861057386,89,2011_2015
0,0,870.4783693075178,8458.731847286224,0.4929396333184392,84,2011_2015
0,1,2086.584273401908,15189.722277350724,0.7479017118297143,81,2011_2015
0,0,717.8645783126358,7902.834884643555,0.4361236983752151,61,2011_2015
1,0,796.9608913540833,11933.20270872116,0.3506382089392208,74,2011_2015
0,0,772.3916424095623,9303.094197392464,0.4249480792058282,86,2011_2015
0,0,1786.7479640215645,17239.819025963545,0.5634139469904847,49,2011_2015
1,0,2018.6244674712416,14108.87605714798,0.6812874655156963,41,2011_2015
0,0,214.033205413818,9139.492428064346,0.1092367866422005,94,2011_2015
0,0,688.496320883929,8901.350307703018,0.4250006196422851,44,2011_2015
0,0,1024.078405034903,9398.56641459465,0.5243549154584357,45,2011_2015
0,0,1738.18321777832,13607.72665964067,0.5950811294079814,85,2011_2015
0,1,634.4978099565778,7433.439250648022,0.482869093296062,33,2011_2015
0,0,620.902543997765,9731.313604593275,0.3411416621572889,86,2011_2015
0,1,534.1300769459449,12170.459191799164,0.2675682279766089,25,2011_2015
0,0,400.94576804768894,7558.855293035507,0.3088612708889981,61,2011_2015
1,0,711.5929104268544,12236.384141683578,0.3322490980897386,41,2011_2015
0,0,1016.6938477054246,15234.39495265484,0.2950741583004588,29,2011_2015
0,1,557.3073940852819,7927.60543847084,0.3872163934332713,76,2011_2015
1,0,774.6044379830364,8344.676547765732,0.5146312244669026,43,2011_2015
1,0,1556.9713697880509,12431.401959314942,0.5736782385216327,80,2011_2015
0,1,1152.2050493483002,9540.64818763733,0.6898845928323374,69,2011_2015
0,1,186.4463480222712,6841.277212262154,0.1473730920740972,43,2011_2015
0,0,506.5037050232295,15440.244668602943,0.2336950111008742,75,2011_2015
0,1,1243.4229550331838,14828.77337229252,0.3778551571422086,53,2011_2015
0,0,1546.903472058906,16050.47409248352,0.4751061072460651,73,2011_2015
0,0,1074.14105046019,11810.771138474343,0.4147392301212458,88,2011_2015
0,0,533.5248940483925,8215.276049613953,0.3413056089042183,62,2011_2015
0,1,3101.566959557167,20513.79219663143,0.7521242710353527,86,2011_2015
0,1,1986.255421130918,17820.90145277977,0.560421004517459,85,2011_2015
0,1,576.792930662632,8102.5337517261505,0.3862757844754955,53,2011_2015
0,0,1028.4214470803745,9475.986966252329,0.4951118938698012,52,2011_2015
1,0,2666.655887860059,16945.988264083862,0.716045269279159,64,2011_2015
1,0,877.8260047737513,14430.256763219832,0.3006013242867363,76,2011_2015
0,1,605.329328694228,7342.130715429783,0.4582455957418767,26,2011_2015
0,1,3333.8949463030613,9339.980187892914,1.3665286290396983,29,2011_2015
0,1,492.1192356633856,7609.278342008591,0.3565809528073132,79,2011_2015
0,0,1335.3971596594893,17000.46111023426,0.4441787623345809,60,2011_2015
0,0,741.9115971326828,8362.125423192978,0.4286993059436379,83,2011_2015
1,0,-50.26179035305904,11764.38268314302,-0.0193959361461277,58,2011_2015
0,1,2574.598392781615,6803.865905046463,1.386641066029532,64,2011_2015
0,0,1307.191505467892,16603.57418036461,0.5032350440541725,90,2011_2015
0,0,1690.491828908771,16986.897460460663,0.5776957606101234,76,2011_2015
0,0,1296.589042627451,12354.890244871378,0.488349060364077,90,2011_2015
0,1,574.5480210542682,6403.630163669586,0.4434709277851771,66,2011_2015
0,0,132.9837223153554,8915.7791274786,0.0965653178556713,73,2011_2015
0,0,915.9801243294024,15298.983430743216,0.2669861516985291,52,2011_2015
1,0,622.9897582929898,13333.23789474368,0.2549734325021408,57,2011_2015
0,0,2733.206384749338,7978.872232854366,1.1812359155232703,52,2011_2015
0,1,1478.9579076429018,17534.875109255314,0.4420527326851442,30,2011_2015
0,0,824.8529820381664,7997.200348377228,0.5678032650862761,83,2011_2015
0,1,474.2799087993799,5682.099106311798,0.3895772690081994,37,2011_2015
0,0,825.5747561724856,7934.649716973305,0.5405929128615374,85,2011_2015
0,0,1291.3628895508482,15555.121744394302,0.4011400446593314,26,2011_2015
0,0,50.58035025890149,6139.288977622986,0.0463571361796493,37,2011_2015
0,0,1482.0189880737107,7384.446423351765,1.1694362366057949,31,2011_2015
0,0,1807.7068160976232,16247.784750699995,0.5487935041964889,54,2011_2015
1,0,569.3056355690587,9891.106755971909,0.2918374058273221,38,2011_2015
1,0,1689.8595873896502,11972.753490447998,0.6651209536921933,76,2011_2015
1,0,618.278191641346,8255.609360694885,0.4040613475002199,37,2011_2015
0,0,1902.3779033228748,13971.909464597702,0.6135010842053367,70,2011_2015
0,0,945.9179385112276,10198.639686591923,0.4387522605714234,59,2011_2015
0,0,1320.2898995248595,9945.359000563622,0.6547028064428215,59,2011_2015
0,1,315.70731501542105,9827.485738992693,0.1760179886041061,84,2011_2015
0,1,1024.5590797832756,11890.239448189735,0.4230048180745215,86,2011_2015
0,1,544.6220032046858,7370.940675377846,0.3938307201321467,33,2011_2015
1,0,1267.342707814276,13942.443920493126,0.4838258600042427,25,2011_2015
0,0,1415.825727126503,11284.832322835922,0.6179688206369527,69,2011_2015
0,1,2345.551093457825,18272.098759651184,0.6292578422847521,85,2011_2015
0,1,3532.8165700746567,9590.87914699316,1.3217657047523486,56,2011_2015
1,0,697.225549141318,13225.612642765043,0.2489220628824116,35,2011_2015
1,0,-583.2998646504611,7263.789145112038,-0.3367183821932048,36,2011_2015
0,1,472.154818231862,14283.14401999116,0.1817116958544669,61,2011_2015
0,1,2345.551093457825,18272.098759651184,0.6292578422847521,84,2011_2015
0,1,1511.0238683104508,16686.557241678238,0.3962515382762811,56,2011_2015
1,0,2377.568785758689,15617.241871356964,0.7392222727499737,58,2011_2015
0,0,265.6682186774906,13805.654012203217,0.110062261954849,47,2011_2015
0,0,314.8930297357174,7019.32011936605,0.2492958372924387,55,2011_2015
0,1,941.3859545588492,12373.01544713974,0.4162602234294512,89,2011_2015
1,0,836.9578826956458,10209.351930618286,0.4325532848999036,73,2011_2015
0,1,647.7386950865384,12507.803235054016,0.2656024473110006,36,2011_2015
1,0,1671.7500602318978,14718.37081193924,0.5445328489445488,83,2011_2015
0,1,2086.526331753481,16905.59470462799,0.5513749890400883,65,2011_2015
0,0,3017.6173258245,18835.483162164688,0.742345796598385,39,2011_2015
1,0,1943.583527194709,13969.929477214811,0.6421800837723599,76,2011_2015
0,0,419.77462012767865,10170.992240905762,0.3127525619717447,63,2011_2015
0,0,601.4010229468349,9764.951677560806,0.3309577462280166,42,2011_2015
1,0,778.6624227690572,13383.68128848076,0.2692699500088956,82,2011_2015
0,1,986.4046605914828,13882.43814754486,0.308323051319257,49,2011_2015
1,0,1079.867543289065,14767.51402759552,0.4263602412504886,68,2011_2015
0,0,498.6097557476969,8044.795006752014,0.3351097693003421,36,2011_2015
0,0,1939.4886020153756,13118.066081762314,0.6866839814679555,61,2011_2015
0,0,409.9920863589268,5061.377688422799,0.3913297959231264,57,2011_2015
0,0,939.35159031717,7790.075658619404,0.765732062375307,51,2011_2015
0,0,-158.40719726234602,9196.051401160656,-0.0662327029248764,49,2011_2015
0,1,512.5709316869061,7580.010503292084,0.3681282135778613,56,2011_2015
0,0,122.33613778448672,6420.119974851608,0.1038598705537641,40,2011_2015
0,1,346.2532121814547,10571.207556843758,0.140328147801568,27,2011_2015
1,0,632.598985409737,7850.092493891716,0.4127575743299506,55,2011_2015
0,1,2613.546385873855,17120.281074553728,0.8688071397758216,50,2011_2015
0,0,647.129769063089,7218.03965306282,0.5416818032596638,85,2011_2015
0,1,65.05227754018279,3965.1927728056903,0.0650451769249125,36,2011_2015
0,1,914.5902768611904,8610.11599433422,0.5216717378665539,49,2011_2015
0,0,549.1514208793642,8152.897203683853,0.3922317788719833,91,2011_2015
1,0,637.750084224408,14063.178487062454,0.2208869341821427,91,2011_2015
0,0,693.6499735971911,7866.802495241165,0.4669974718045386,93,2011_2015
0,0,601.286633240602,8597.951242908835,0.3834272177038818,92,2011_2015
1,0,660.9682582557198,9196.705097913742,0.3911627019279222,54,2011_2015
0,1,680.2175967319981,7648.698746562004,0.5324554797449594,39,2011_2015
1,0,808.3540948390964,11820.065159797668,0.4428757596832114,78,2011_2015
0,0,344.0553968906406,8756.10860824585,0.1749009094926742,86,2011_2015
0,1,610.3429346694375,7587.568411588669,0.4540952825245774,25,2011_2015
0,1,616.0628875976636,7161.320986151695,0.4675663607102382,32,2011_2015
0,0,696.8651673763989,8310.189713716507,0.4537678302676757,96,2011_2015
1,0,1737.1933025827493,13850.194863766432,0.6105561719374255,48,2011_2015
1,0,1132.1923636175288,14231.918521046638,0.3689439104432318,89,2011_2015
0,0,596.8042885750183,7973.968953281641,0.4016654626611474,47,2011_2015
0,1,467.38819013329066,7727.655698180199,0.3367454962569219,77,2011_2015
0,1,1170.3729030897184,6609.26639688015,1.247059618656596,27,2011_2015
0,0,2370.506454648823,16890.296030700207,0.6297754101999911,85,2011_2015
0,0,757.3160684347149,10416.61025094986,0.3728333358598277,72,2011_2015
0,1,437.8581465992147,6339.896813631058,0.5345554546544133,34,2011_2015
0,1,2796.1636176488078,8044.381844580173,1.217307378886583,30,2011_2015
0,0,-30.119396877180407,11383.334029972551,-0.0126202562766727,29,2011_2015
1,0,583.2053737401966,7938.295818805695,0.3310295856686091,71,2011_2015
0,0,449.9192469459349,8470.0878251791,0.3134807856761457,42,2011_2015
0,1,1453.7187576771066,4111.493477702141,1.3500634986969773,58,2011_2015
0,1,746.9149578511715,11353.11157155037,0.4115387141709218,87,2011_2015
0,0,870.6164938285528,11427.612264156342,0.3647936899606481,82,2011_2015
0,0,3304.233152395612,9935.84561574459,1.3635550934408305,31,2011_2015
0,1,463.1379475461199,7509.495914429426,0.3295215410979676,65,2011_2015
0,0,667.5355535477402,6023.990331232548,0.5772035000934943,37,2011_2015
0,0,519.2795273093334,7746.940068073571,0.3544296505218115,43,2011_2015
1,0,918.7286375105376,12599.212460279465,0.3991443722191099,93,2011_2015
1,0,1641.899628472329,15813.724156022072,0.6322290394519658,48,2011_2015
0,1,1187.397492222488,12494.034327030182,0.3867109114421768,88,2011_2015
1,0,-358.4120833366178,8335.66901922226,-0.1851374324723086,25,2011_2015
0,0,838.6482751935728,14031.913536071776,0.3666205578189089,83,2011_2015
0,0,530.4327500820159,4382.373628020287,0.6554551769172784,47,2011_2015
0,0,864.0030578315254,11552.216241836548,0.3872664334322886,50,2011_2015
0,0,427.088622938656,11582.847506001592,0.1640935011990974,34,2011_2015
0,1,375.0376950383179,9676.179563999176,0.1950030071969463,89,2011_2015
1,0,96.0535648047926,4961.565046727657,0.0763321850623109,81,2011_2015
0,0,538.2494904664636,7521.189195364714,0.3825697837171961,31,2011_2015
0,1,443.5240104650384,6734.651072358713,0.3683330253012471,36,2011_2015
1,0,754.3028880178936,11926.606590032578,0.3327550409522795,45,2011_2015
0,1,979.540481472015,10857.3780875206,0.488450536758907,29,2011_2015
0,0,889.1630971138402,14222.423665046692,0.2957116685427954,81,2011_2015
0,0,470.66666769879066,7667.471290230751,0.3477575322769078,52,2011_2015
1,0,494.9292416218405,7611.604032792151,0.3474794802141622,40,2011_2015
0,1,1092.3952585411716,13445.715573906898,0.4190073761863999,88,2011_2015
0,1,458.9067139194176,7279.453790664673,0.3209149946820734,49,2011_2015
0,0,385.163881186124,7729.279660284519,0.2809395151768736,43,2011_2015
0,1,1564.5180362809915,17181.53840959072,0.4832665041028164,76,2011_2015
0,0,1034.2023758194573,7674.4008367061615,0.770263608935089,31,2011_2015
0,1,547.3044358103307,14471.22346777469,0.2093956318960185,65,2011_2015
0,0,547.7300930382626,7464.351741582155,0.4168247137604101,28,2011_2015
0,1,1108.7669682901142,11538.42489078641,0.4231248757366585,85,2011_2015
0,0,701.9097773260328,12526.144855260847,0.3359383697923546,80,2011_2015
1,0,1458.313337944448,12281.583606183529,0.6018877242691647,69,2011_2015
1,0,946.9150254575944,9927.992333114147,0.4222564214395146,86,2011_2015
0,0,583.4354925114485,8117.89337028563,0.3841384970330074,49,2011_2015
0,1,621.3720524761484,11985.9416731596,0.2602792257127033,43,2011_2015
1,0,1246.6440786353414,13782.01504445076,0.4210722517861839,33,2011_2015
0,1,1027.37010644787,13089.736766397951,0.3980709953644291,82,2011_2015
0,0,1053.599913418293,14095.896563768389,0.3818197124850002,93,2011_2015
0,1,1391.437807537406,17453.788129925728,0.4100157866744519,78,2011_2015
0,0,708.5184263288975,12347.089574575424,0.3138330645290764,76,2011_2015
0,1,-116.74248347809772,6539.706363976002,-0.0997972109222673,45,2011_2015
0,1,575.0263586886549,7578.708060860634,0.3899206838028395,25,2011_2015
0,0,426.3067070775169,7205.248182654381,0.3042316271972475,36,2011_2015
0,1,707.5824979181525,11132.327256798744,0.332802692297806,50,2011_2015
0,0,2466.6958585605025,19854.31309181452,0.7217524933932695,76,2011_2015
0,0,2367.0743052797407,19936.739659264684,0.6877871985943361,44,2011_2015
0,0,625.4935324370326,7556.287221252918,0.6711394796691139,49,2011_2015
1,0,1119.767255280447,13368.1427693367,0.4283565895147673,92,2011_2015
0,1,1659.5118193546314,8389.289909005165,1.2005060167661052,70,2011_2015
0,1,496.7548702121831,8106.101383566856,0.3327301034171882,44,2011_2015
0,1,623.243914934993,6918.8604555130005,0.5373421075663825,90,2011_2015
0,0,450.369008211419,12057.1814827919,0.2677204477834641,65,2011_2015
1,0,280.0323613559831,12095.663767576218,0.1184055376039408,58,2011_2015
1,0,425.2356809988614,14298.39965248108,0.2050535702240548,76,2011_2015
0,0,1129.6020786195986,12459.75922513008,0.4724783462573698,87,2011_2015
0,0,903.3619197487824,9343.073352575302,0.46656075574195,74,2011_2015
0,0,1534.4412916213278,11883.90136694908,0.5422492499953077,71,2011_2015
0,1,1961.8836416602132,20168.06126499176,0.6489897499595662,84,2011_2015
0,0,394.3387378305197,11917.87016582489,0.1455108008311326,35,2011_2015
0,0,188.72267957143413,13073.474444836378,0.1061277154198013,56,2011_2015
0,0,614.0062058448784,11349.541010856628,0.2742797237590322,84,2011_2015
0,0,402.1550158516529,7096.40402752161,0.307132257610789,56,2011_2015
0,0,259.78863455457576,10279.888495832682,0.1115169232570008,38,2011_2015
0,0,956.805602699782,13338.790643811226,0.3866428450253411,61,2011_2015
0,0,577.6303616015475,8188.454009361565,0.3880136483894196,36,2011_2015
0,1,3215.1357776084915,24018.770151495934,0.722344175187032,73,2011_2015
0,0,588.5157595739702,7657.566852807999,0.4315326440363934,76,2011_2015
1,0,792.7436501041057,7455.980732083321,0.6567334236880217,90,2011_2015
0,0,263.0240426450964,4704.32678258419,0.2944946862624147,80,2011_2015
0,0,1811.756459852308,13151.829410791395,0.5647307934830629,73,2011_2015
1,0,2500.3065977340884,20833.693188786507,0.6104581137689963,84,2011_2015
0,1,728.5724284433873,10732.586597442629,0.4163422891182929,51,2011_2015
0,1,399.7696732953191,5279.139584064484,0.4775686583566985,34,2011_2015
0,1,394.9508858080271,7154.785675525665,0.2893659547978474,28,2011_2015
1,0,1351.140723739678,14321.765244960783,0.4894289603480524,76,2011_2015
0,1,2890.8173749044545,20864.23710936308,0.7833986985544807,47,2011_2015
1,0,1054.507900703733,10334.969752371311,0.4566446594260421,71,2011_2015
1,0,2015.8595114231105,13869.962529659271,0.6603129233999613,31,2011_2015
0,1,2230.075471494393,6392.093398064375,1.2911264631083137,30,2011_2015
0,0,2595.8181525656955,6864.243625402451,1.326891628448969,50,2011_2015
1,0,387.6160216943426,14717.56754887104,0.120673218676263,78,2011_2015
0,0,2474.3848371361264,7109.406068265438,1.2049864823539596,51,2011_2015
0,1,539.6159271240231,11530.833803653715,0.2364157594554232,50,2011_2015
0,1,346.2532121814547,10571.207556843758,0.140328147801568,34,2011_2015
0,0,1008.1311294917888,11191.20635163784,0.5068759999259034,38,2011_2015
0,0,1897.790968346595,13736.630482316015,0.6350131614077366,73,2011_2015
0,1,464.0230152778327,3288.5098715424538,0.7759176877693026,57,2011_2015
0,0,1692.5228164602067,7340.250878691673,1.2884732872388327,27,2011_2015
1,0,1258.9892759151753,16368.237752139568,0.3964768813096329,57,2011_2015
0,1,933.6297958371888,7575.923934876919,0.8296170378733911,52,2011_2015
0,0,420.5419449129313,7216.327323317528,0.3178200510056956,33,2011_2015
0,0,2651.839004190453,20349.18915843964,0.7255130985402584,55,2011_2015
0,1,3702.346867516273,10100.272636055946,1.3635746745180166,39,2011_2015
0,0,1164.6211362164613,13846.605569124222,0.3828773766005162,63,2011_2015
0,0,3104.932155995544,8724.031187713146,1.229597631626717,53,2011_2015
0,1,165.10971674201846,6618.571010828018,0.1340709014903369,45,2011_2015
0,1,1443.5620549858832,12923.91890513897,0.532330027245221,75,2011_2015
1,0,728.2441731572144,9860.084533691406,0.385547425932257,81,2011_2015
0,1,1718.1325216658415,8326.506590723991,1.221708891686691,70,2011_2015
0,1,598.1367371320721,16720.084371089935,0.2248899215051215,25,2011_2015
0,0,674.54368502328,7884.630464248359,0.4798208993140768,43,2011_2015
0,0,791.0805010821678,14921.209729552267,0.2395048408412343,26,2011_2015
0,1,1339.7954837999075,13621.758240699768,0.4970434964340884,58,2011_2015
0,0,524.791716063768,10020.04794239998,0.270324262710473,89,2011_2015
1,0,481.5285759448998,11363.616866588593,0.2513034807235267,58,2011_2015
0,0,101.08475327864288,10879.87797820568,0.0539642715830752,59,2011_2015
0,0,1538.1834764361374,14315.332917749882,0.5506610470150712,76,2011_2015
0,0,94.40143879763764,6914.13484275341,0.0576465702130928,57,2011_2015
0,1,526.5515831625498,7979.724214673042,0.3602163673593506,52,2011_2015
0,1,795.5068446874611,11247.500401496887,0.3616016034436969,75,2011_2015
0,1,766.4960797511476,7698.059033453464,0.6214148194530386,36,2011_2015
0,0,1856.0425785890493,6722.599034875631,1.2597408840683029,29,2011_2015
0,0,427.088622938656,11582.847506001592,0.1640935011990974,37,2011_2015
0,1,705.2927168369297,12045.313867330551,0.309467259573253,78,2011_2015
1,0,719.2464534659448,13599.575102448463,0.261133172397554,75,2011_2015
0,1,2900.215466090257,8268.763465702534,1.2677362116300683,25,2011_2015
0,0,901.854387666117,14980.96137046814,0.2672589568516534,58,2011_2015
0,0,176.5727700048683,6724.816612958908,0.146937511982827,53,2011_2015
0,1,1908.8126186519855,13468.227209448814,0.6507983093096117,40,2011_2015
0,1,1510.4738942563529,15629.42501950264,0.5074387756565046,64,2011_2015
0,0,568.1173749490481,13064.68535619974,0.2134871415607099,60,2011_2015
1,0,2322.738755469396,19505.34009513259,0.7057190520373885,40,2011_2015
0,0,549.988884703569,7410.753436684608,0.3669591750485212,52,2011_2015
0,0,774.6044379830364,8344.676547765732,0.5146312244669026,52,2011_2015
0,0,748.8106394231327,11790.3219602108,0.3470677543622857,62,2011_2015
0,0,860.5435659475625,12073.72124171257,0.4233291327885788,95,2011_2015
0,0,2188.985018479824,18466.057885825638,0.6628479382029,31,2011_2015
0,0,1183.6858459863815,14140.941430330276,0.4389234732192781,91,2011_2015
0,0,361.2327376484873,5979.528293430805,0.2828457894669773,89,2011_2015
0,1,700.8713223845407,7606.6564311385155,0.5163130039363437,36,2011_2015
0,1,803.7683036744602,9516.103097200394,0.4555462122626783,90,2011_2015
1,0,645.4373156547554,12286.061601400375,0.2815762857881854,75,2011_2015
0,1,1019.2099598199128,14990.977573037148,0.3071827881009553,37,2011_2015
1,0,1157.8941294113174,14018.370021104813,0.4287065724295734,95,2011_2015
0,1,763.1865330657556,7244.333514820784,0.5765809351124992,25,2011_2015
1,0,2.980286082625753,15661.12613272667,0.0012354599976816,54,2011_2015
0,0,823.8049452529085,10718.695017158983,0.327658500598168,74,2011_2015
0,0,628.9352020859715,8686.01238322258,0.3978049765642232,80,2011_2015
1,0,1055.4035926276356,10247.26494731009,0.4832078826162158,68,2011_2015
0,0,2863.953786104894,9172.87390512228,1.347345072639337,60,2011_2015
0,1,2149.2748922020182,18777.93488740921,0.5818184338243326,84,2011_2015
0,0,372.35692830518747,11554.547198176384,0.1538224132086539,36,2011_2015
0,0,601.8565858017655,7239.394567668438,0.4520869024994203,41,2011_2015
0,1,-319.64572301959925,10170.13779258728,-0.1512457171959601,29,2011_2015
1,0,2111.116618771921,7288.645343184471,1.2676375213863411,53,2011_2015
0,1,1294.3826200667772,14953.645941972733,0.4016761672712382,42,2011_2015
0,0,208.1081555843357,9649.215945959091,0.1055046489191989,84,2011_2015
0,1,611.4236779831381,7766.72328073997,0.4162119603741079,47,2011_2015
0,0,783.6280721092426,6694.5364155471325,0.6179858134306498,31,2011_2015
0,0,954.5434409778264,12252.245675384998,0.3476178630531383,80,2011_2015
0,1,1451.1050082206857,6638.254981517792,1.427637201119281,37,2011_2015
1,0,694.0363323628899,7614.026828765869,0.4407363063980686,87,2011_2015
0,0,3772.921189727602,9823.699666261671,1.3345809546467011,39,2011_2015
0,0,62.9106679862216,7001.74140226841,0.0488256038891022,37,2011_2015
1,0,439.1971497174918,7881.195474326611,0.3114200000268527,34,2011_2015
0,0,784.8053468407134,8111.259685516357,0.5282797795915998,77,2011_2015
0,0,345.92681555077434,15563.48758673668,0.1419317546383555,57,2011_2015
0,1,2696.447254002577,8632.88113296032,1.3650592597351303,27,2011_2015
0,1,1373.197349330923,16193.027652025225,0.4033357951246846,30,2011_2015
0,1,1463.238346241973,11263.835506916046,0.6182562832972859,52,2011_2015
0,0,447.86365149319136,9522.304057836533,0.2473578909181281,87,2011_2015
0,1,524.011781497049,7979.423681274056,0.3491369967830413,31,2011_2015
0,0,793.6459254264828,10566.39229273796,0.4460162906638561,93,2011_2015
0,0,814.4911161415275,10759.627366304398,0.3938911210689737,65,2011_2015
0,0,580.1344961643217,7307.497756004333,0.4141795149333919,78,2011_2015
0,1,781.8565329218445,8018.102919876575,0.5638328469904758,49,2011_2015
0,0,851.0925331847611,9679.78141090274,0.398623321300584,81,2011_2015
0,0,574.2877151966095,9779.77885723114,0.313926098965331,89,2011_2015
1,0,482.4412768721577,9357.882396697998,0.2683619567789845,51,2011_2015
0,0,59.16827136726715,6263.225513696671,0.0534948938158864,34,2011_2015
0,1,648.9755089834334,8551.033469200134,0.421423637431948,90,2011_2015
1,0,372.6992235390508,6379.108863830566,0.4683176196206034,53,2011_2015
0,0,729.4483375419622,13282.828403055668,0.276390618863114,79,2011_2015
0,0,1917.0152782993391,13137.196377277374,0.6626066855481106,54,2011_2015
0,1,2794.061620188877,7765.866756618023,1.3015410389593771,82,2011_2015
0,1,562.2805304646499,11725.773365974426,0.2479772508639851,81,2011_2015
0,1,320.4440048145543,6788.914399206638,0.2729396033723681,35,2011_2015
0,0,429.2438265051696,14813.920370817184,0.1326731351539397,39,2011_2015
0,1,507.5821942001585,7017.710520744324,0.3235879118235563,74,2011_2015
0,0,605.5076026969055,13002.511652946472,0.2533341422079254,68,2011_2015
1,0,1227.625642039067,14252.716192483902,0.4578860190681644,94,2011_2015
1,0,2301.097340201246,7679.533977091312,1.25800723461792,41,2011_2015
1,0,453.9292359845713,11717.960674762726,0.1907467204907208,62,2011_2015
0,0,1332.4758043716374,11041.236417651176,0.5614242130050733,59,2011_2015
0,0,1283.4826166071052,15622.498309016228,0.3916234237799729,60,2011_2015
0,1,789.198995690047,9161.290876150131,0.4321717026116736,87,2011_2015
0,0,784.6908861845732,16975.232771396637,0.3013230038457566,49,2011_2015
0,0,955.1342211871724,9064.211031064391,0.5095767438946529,63,2011_2015
0,0,1286.4022651251744,12318.037407517431,0.4648497281874182,77,2011_2015
0,0,347.42457580717746,7579.577102184296,0.273275801503566,45,2011_2015
0,1,1048.3913063969376,10917.356758773329,0.4465480164314406,72,2011_2015
0,0,429.3794694185253,7292.658601999283,0.2340973853870783,67,2011_2015
0,0,636.3624560136104,7970.7391076684,0.4422525138601046,45,2011_2015
0,0,907.9761956870552,7993.991438865662,0.6457322973976266,54,2011_2015
1,0,1154.8210923485458,10317.027943849564,0.4203477801640946,74,2011_2015
0,1,1271.1526785608385,10773.50730419159,0.5793838790503606,49,2011_2015
1,0,1644.3868060186503,16673.090571522713,0.5612399313802587,61,2011_2015
0,0,522.4426808834078,8193.492449045181,0.3566569755465447,69,2011_2015
1,0,523.8812165303971,7493.869471892714,0.3970812269649834,54,2011_2015
1,0,226.4158599793909,3153.4400359094143,0.3232049758531379,41,2011_2015
1,0,874.4479773773892,14271.302570343018,0.2876003652867707,82,2011_2015
0,0,294.100735022128,12674.231402158735,0.1413256114187512,88,2011_2015
0,1,2721.6454298758417,7890.957130432129,1.3936684102447328,64,2011_2015
0,1,3099.132156441623,9173.403479158878,1.341977278247041,44,2011_2015
0,1,1408.1045839896342,16313.806332588196,0.4276490096875804,64,2011_2015
0,0,433.44715136158175,7362.782312840223,0.3131674691294481,51,2011_2015
0,0,793.6166374593977,14117.977940440178,0.3388125200681823,29,2011_2015
1,0,884.8279830507927,13927.905709862707,0.3192925741795884,55,2011_2015
0,1,675.02657943964,10238.547810196877,0.348649589312523,42,2011_2015
0,1,1707.450065052508,18128.01769709587,0.5655596854027093,91,2011_2015
0,0,199.2603411011405,12187.3093187809,0.0935469214349136,63,2011_2015
1,0,1097.6012160356622,14480.571081399918,0.3902493073157077,94,2011_2015
0,0,1429.9350883866682,15881.7574532032,0.4307960253770829,35,2011_2015
0,0,1591.3162337780232,8050.332008123398,1.1619693642124014,59,2011_2015
0,1,628.4824113165596,8215.8685968481,0.4460500850423874,53,2011_2015
0,1,626.4639779221588,8616.53398156166,0.3588878125550767,68,2011_2015
0,1,480.1012960145772,7550.504060685635,0.3750201824736705,31,2011_2015
0,1,1140.7379235453518,13242.356680989264,0.3921465473513349,89,2011_2015
0,1,992.5201539635656,13767.878955602646,0.4547414826820641,85,2011_2015
1,0,33.78173506935127,7428.620865643024,0.022076495665476,40,2011_2015
0,0,2039.3990965137252,13509.59753704071,0.7090658322540848,55,2011_2015
0,1,459.9317876959221,7462.951592862606,0.3391302697775973,40,2011_2015
0,0,1436.71773166582,12609.845749855042,0.5280402995128127,77,2011_2015
0,1,1186.5327465757728,15922.638201236725,0.4008284871634625,28,2011_2015
0,1,4637.795335830745,12234.806947350502,1.3196926853689417,49,2011_2015
0,0,808.6104095052469,14241.233144760132,0.2661636935206775,62,2011_2015
0,1,466.0501373408533,6130.769243240356,0.442353773060694,92,2011_2015
0,1,679.0530784770845,8533.767176687717,0.3931211545789511,86,2016_2020
0,0,1106.8043295711286,16216.767475720497,0.4368087690310499,25,2016_2020
0,0,1107.5317558529086,6291.7172168291,0.976480954768986,43,2016_2020
1,0,2290.0690244251477,18448.17860222533,0.5526079982907462,76,2016_2020
0,1,1791.542848476769,18382.037798713893,0.5747188171332714,70,2016_2020
1,0,1314.036538866907,11424.831910115669,0.6491584853282569,61,2016_2020
0,1,1453.0283012628552,13145.676927000284,0.6149942765992148,76,2016_2020
1,0,953.021124903582,8662.964970608828,0.6539829252355087,36,2016_2020
0,1,189.66096095740795,11157.537363331763,0.0736572177229647,59,2016_2020
1,0,-16.883807992935544,9991.8507200405,-0.0082959686847863,64,2016_2020
0,1,442.8558674991127,9322.474823184311,0.2195543758395138,72,2016_2020
0,1,709.3651871392503,10285.368824311763,0.3859344078201849,60,2016_2020
1,0,220.98038709163663,11993.984252214432,0.105819503716055,79,2016_2020
0,1,974.9133174836644,11717.234794437883,0.3945232367870242,69,2016_2020
0,1,1029.0406270623207,11799.84764842689,0.5010524845828133,88,2016_2020
0,1,884.9424301502331,7881.998797136946,0.6263372550911642,47,2016_2020
0,1,2203.949609445268,7095.65674202732,1.0416566302472563,46,2016_2020
0,1,710.7298359234992,10030.93962499746,0.3347097441358473,35,2016_2020
0,0,647.094312635325,7708.985130889666,0.4672943659015233,62,2016_2020
1,0,-718.5543953329325,7098.525408480316,-0.453323252966379,67,2016_2020
0,0,911.6445402681476,8425.817609377162,0.6351700046466967,56,2016_2020
0,1,395.60565062002206,10243.188279797556,0.2084702495369411,86,2016_2020
0,0,116.65404478167692,11037.43558353006,0.0462648455531864,95,2016_2020
0,1,164.47005217695823,6970.659892760523,0.2121244182705983,67,2016_2020
0,1,845.3983918888862,14323.818378506045,0.2671507769490233,83,2016_2020
0,1,1983.4655438728803,15065.287075386404,0.7798037398345814,67,2016_2020
0,1,907.2594568446276,7963.984164157882,0.5821786557241653,78,2016_2020
0,0,1800.145809820482,18492.685702425893,0.5139018496206417,39,2016_2020
0,1,1301.1657148521554,13346.401510601418,0.4687993428556431,83,2016_2020
0,1,499.85845941386106,12341.72534673017,0.193800900820713,29,2016_2020
0,0,1090.2518982887268,12039.204605013132,0.5133924833237413,34,2016_2020
0,1,768.3012403164994,7576.027410377399,0.6023138950777918,30,2016_2020
1,0,1936.490442836952,17143.146503091695,0.5114585670901433,48,2016_2020
0,1,699.6367127940066,9180.68715585582,0.4172653585193034,69,2016_2020
0,1,1631.9139596745372,8718.522466188297,1.0092546784092815,87,2016_2020
0,1,579.787452437341,7803.4901431933795,0.4182166280648811,34,2016_2020
0,1,51.36315365182236,8291.44436109194,0.0279933842767712,28,2016_2020
0,1,2756.906591302087,9462.70888143024,0.9653837407050886,28,2016_2020
0,0,709.7512982130047,8871.97529065609,0.4134229477075446,87,2016_2020
0,1,923.961539071799,14476.240159470588,0.5134653739511781,81,2016_2020
0,0,693.4518681663285,15448.63674368933,0.205055635787955,53,2016_2020
0,1,1389.1495430886753,10800.026830777526,0.7086698515785269,89,2016_2020
0,0,783.2363839015361,13301.088581411168,0.3707748618206998,26,2016_2020
1,0,1513.573868340999,7325.2246673041955,0.959777636861807,28,2016_2020
0,1,1767.7668592862783,9903.103625266813,0.9729227836751606,72,2016_2020
0,0,1008.988373746979,12368.038261871174,0.3647909464845643,77,2016_2020
0,1,3497.790688980611,21819.09549269203,0.8199129403947885,66,2016_2020
0,1,1204.9941270977251,16511.900052260607,0.575293675752194,42,2016_2020
0,1,293.2556381046779,9333.45238390565,0.1518698381023221,41,2016_2020
0,0,794.8522601127625,15632.973770841956,0.3429663087851927,69,2016_2020
0,1,823.8965335788243,8357.386114977538,0.5390685172307188,45,2016_2020
0,1,1553.972227512766,6213.230366895557,0.8466090615449878,68,2016_2020
0,1,2100.2934164137814,7911.227005349618,0.8946421649643239,75,2016_2020
0,1,589.2629190879288,7777.490070114189,0.4487920413412787,36,2016_2020
0,1,880.6898780611173,16205.930274415392,0.247182434871415,64,2016_2020
0,1,146.91849727630688,9579.980899810793,0.0855075137702428,89,2016_2020
0,1,587.1921104008798,6254.419961161271,0.518315309531815,25,2016_2020
0,0,805.7236801862709,11803.879718393087,0.3728189180942089,63,2016_2020
1,0,-598.526663446426,9799.010958835484,-0.3297453266036579,36,2016_2020
1,0,1189.1156772530412,13157.927099753955,0.4352907080113549,78,2016_2020
0,1,748.0929740846159,8107.265770971775,0.4258360240588599,38,2016_2020
0,0,687.7891913036638,8869.230855700887,0.3664252934092694,73,2016_2020
0,1,1410.7580335993623,12985.342128413304,0.7024526416570566,60,2016_2020
0,1,118.26372842630371,5636.931338010239,0.1018705174012893,49,2016_2020
1,0,274.49475695788897,10812.151995468885,0.124992143034952,52,2016_2020
0,0,-16.883807992935544,9991.8507200405,-0.0082959686847863,71,2016_2020
0,1,629.7161787867553,11577.235663190484,0.2803648778046275,86,2016_2020
0,1,840.8907039706919,7405.949066579965,0.7056776360984846,33,2016_2020
0,0,2065.211598493159,18830.31183973513,0.595442030037854,25,2016_2020
1,0,716.2314521358858,6866.201542863802,0.5869026654479204,33,2016_2020
0,0,1945.3326405763617,17998.4736867249,0.4985873528796072,61,2016_2020
0,0,-40.11230159997922,2330.04364297539,-0.0797700815269787,69,2016_2020
0,1,693.8120547115805,8860.431128539145,0.4411587858561225,81,2016_2020
1,0,979.2485906243328,11707.24089087546,0.4787464075933532,93,2016_2020
0,1,736.7452745956571,7814.659954687258,0.5240921801195279,25,2016_2020
0,1,2375.305211663246,18500.33418893814,0.5943265138714876,65,2016_2020
0,1,679.5348311185844,9622.279861744491,0.3469763144947405,89,2016_2020
1,0,1031.9251093097391,13897.64852173724,0.365880576613532,41,2016_2020
0,1,2275.3371222579854,7773.136660929071,0.9490083509474332,54,2016_2020
0,1,-579.1670924246318,11201.55931000039,-0.1822252697270153,35,2016_2020
0,0,958.7462449894948,7378.4663526063905,0.7136054311862967,51,2016_2020
0,0,625.5082884790172,11589.085672706571,0.2549146572564681,78,2016_2020
1,0,2004.1101881942468,15604.755350123012,0.7238706721440337,75,2016_2020
0,1,1273.7506685791886,6544.459831440632,1.1491831831923156,38,2016_2020
0,1,691.2874871402983,9286.226218152791,0.4428689201327382,78,2016_2020
1,0,-387.8320707950734,10553.41647106735,-0.1356306307590234,74,2016_2020
0,0,406.26753331454165,12006.258902743852,0.1430491763778798,74,2016_2020
0,0,739.1043463183332,7875.6533879076305,0.5231075624709431,25,2016_2020
0,1,430.6230323016644,9530.744135145098,0.2105292158750255,80,2016_2020
0,0,858.345622931025,8198.967361924675,0.6155104644120885,50,2016_2020
0,1,-40.29387547075749,7167.812685625628,-0.0358390095640271,84,2016_2020
1,0,602.6619500173801,11634.29709240964,0.2177757698733674,80,2016_2020
0,1,-167.9313107226899,4064.28324749636,-0.151520291752546,34,2016_2020
0,1,925.6676794290544,8378.852688267827,0.5574734221712772,74,2016_2020
0,1,2448.418613754958,20145.76876800414,0.6698595850585155,50,2016_2020
0,1,693.4004604372194,8069.443569956697,0.5008055822061641,59,2016_2020
1,0,1600.0037319183357,17197.26112177968,0.5317503830371441,55,2016_2020
0,0,831.2669856622815,12438.079460242763,0.4941440586974071,55,2016_2020
0,1,688.5390660912344,13077.244450947335,0.2176893490289482,73,2016_2020
0,1,455.569917154312,7558.150136053562,0.3177338563528357,58,2016_2020
0,1,1555.7631590706442,24256.645675603493,0.3685798281172605,98,2016_2020
1,0,38.70751984268463,11244.751393638551,0.014125449636135,44,2016_2020
0,1,2396.884064602851,18295.118521511555,0.6198357547874119,82,2016_2020
0,1,445.55890025158806,11801.399334731948,0.1744271558906056,96,2016_2020
0,1,793.0096123874191,11529.639700401574,0.3061908824538452,83,2016_2020
0,1,1669.7576995409818,5829.602423356006,0.942569841232202,28,2016_2020
0,1,216.50671185124705,11203.30106527009,0.081513379134399,79,2016_2020
0,0,519.4686807742582,15752.370481594262,0.1950098509257419,87,2016_2020
0,0,876.6139091578389,8289.55078932609,0.6289415752723075,54,2016_2020
0,1,3515.6773959912352,26017.72700810898,0.7675869121198564,33,2016_2020
0,0,175.6340423107149,7854.772576570511,0.1232908437007032,75,2016_2020
0,1,435.1765691640831,6911.198267616686,0.5066465087648523,32,2016_2020
0,0,426.8495193476865,9940.305103286528,0.2410371908564397,73,2016_2020
0,1,655.0482884323019,8126.810058061706,0.4571245616539194,34,2016_2020
0,1,-444.41485909223593,11874.312493875625,-0.1460536662762183,79,2016_2020
0,1,1479.0860500663512,14514.650000911206,0.6461890965755834,84,2016_2020
0,1,812.7841035676074,7696.746542090186,0.6516972443176013,35,2016_2020
0,0,-94.0367184728384,10148.327887486666,-0.0371793460661266,67,2016_2020
0,0,-226.5828245863322,11581.705297218636,-0.0986056909345658,42,2016_2020
0,0,1619.675275731086,17477.90607827902,0.6010216713639102,69,2016_2020
0,1,617.5732238531109,8223.762141525745,0.4164492609954668,61,2016_2020
0,0,727.0780845889931,7994.857029759572,0.5238002924862345,36,2016_2020
1,0,549.6603349208654,7555.599260780938,0.399073153521607,63,2016_2020
0,1,702.7776318959304,7682.608075725772,0.5078092070329023,72,2016_2020
0,1,1045.9387201786212,15509.00731423872,0.3207404643937714,70,2016_2020
0,1,-424.2472977146508,3082.7808523010463,-0.4364932932844709,65,2016_2020
0,1,1181.3547888696194,6372.459582045674,1.1492405470556395,33,2016_2020
0,1,920.280106532573,15576.313420578836,0.3919585183768596,76,2016_2020
0,1,780.3814595115527,8543.114820086997,0.4697329196038606,75,2016_2020
0,0,469.862352848053,9997.5106549263,0.212560783481867,63,2016_2020
0,1,778.6596232033835,8151.547984902692,0.5156080485449093,59,2016_2020
0,1,780.656750532984,14669.95837437734,0.3369021276469232,59,2016_2020
0,1,1619.675275731086,17477.90607827902,0.6010216713639102,66,2016_2020
0,1,752.7360017001629,15751.56181897968,0.3003203969269171,40,2016_2020
0,1,-50.8999005302012,10616.149172948772,-0.0199198241427948,93,2016_2020
0,1,1264.003062243387,7290.046637101099,0.7936210683763991,32,2016_2020
1,0,2059.076382616164,19558.27471685037,0.5728231533928211,50,2016_2020
0,1,663.1933560132984,10360.706539332868,0.2928050907105309,87,2016_2020
1,0,1069.53366202116,10436.50292763114,0.542228114386434,78,2016_2020
0,1,1323.115679218381,7911.985498147718,0.8867301633504407,60,2016_2020
0,1,1611.7629556417469,11214.017593860626,0.8044969634295822,90,2016_2020
0,1,416.4445139408108,11373.12215404585,0.1368748675658427,70,2016_2020
0,1,1427.5396594405174,13201.557508707048,0.6393700380379617,84,2016_2020
0,1,976.413902133546,7336.682507879836,0.8922828948874716,32,2016_2020
0,1,2395.373498710989,18854.545449923724,0.6026230162090299,38,2016_2020
0,0,1554.911239448833,15681.009832930624,0.5114899317294036,78,2016_2020
0,1,126.9562685518522,5732.598466414842,0.1166016601237061,91,2016_2020
0,0,809.5890394687649,8429.23722076416,0.4644666726400018,72,2016_2020
0,0,2794.3878932657026,19177.92060839412,0.6924432086689976,34,2016_2020
0,1,794.8552763088919,8217.017633553516,0.554327421358506,65,2016_2020
0,1,-147.08715767860485,8980.758595943451,-0.0735110852621602,89,2016_2020
0,0,1887.0099761962256,7716.993285523648,0.9151717619919784,26,2016_2020
0,0,416.82556656003,14755.102059271188,0.182733207012532,73,2016_2020
0,1,1103.9548220992092,13221.567430861294,0.4545266815231227,74,2016_2020
0,1,614.0129112587338,7889.855197653293,0.4204478770936596,63,2016_2020
0,1,1167.3547537370505,14931.678408265394,0.3856475861321695,74,2016_2020
0,1,2018.7652516085363,7960.569186496046,0.9770702216094912,55,2016_2020
0,0,932.8582609117038,13666.428183101118,0.4103936970376505,55,2016_2020
0,1,798.4268225627193,7569.20095548781,0.5808370823385592,26,2016_2020
0,1,419.737852893024,13647.350495596416,0.1565200433033336,78,2016_2020
0,0,855.2880318054486,8234.327459843074,0.5956172318295864,28,2016_2020
0,0,1481.5104758024208,16530.02931511402,0.373330774752558,60,2016_2020
0,1,841.0943435297495,7125.962924702228,0.7450457309661301,36,2016_2020
0,0,935.276267518104,14445.176936874166,0.3284317608631962,38,2016_2020
0,1,266.834091077204,7183.0151386356665,0.2435867581934472,33,2016_2020
0,1,882.0319072049588,11829.11161296588,0.3373248319568572,83,2016_2020
0,1,1977.964241821412,7527.612884336268,0.9383843059273448,73,2016_2020
0,1,85.86238540709019,13080.406911004337,0.0378029118467038,73,2016_2020
0,1,813.919153330844,7581.1856728023795,0.6155899228629746,57,2016_2020
0,1,2447.82188174692,8114.889035671542,0.970637372854388,26,2016_2020
1,0,742.1041083127257,15450.422370549291,0.2394410806826788,67,2016_2020
0,1,1368.0759223192929,6724.367205258459,1.090412445295463,32,2016_2020
0,0,-316.11942186355554,8095.933789491653,-0.1606996282921504,86,2016_2020
0,0,2125.0682774454363,16065.320085767657,0.6466088373442386,55,2016_2020
1,0,1827.421457018705,15602.536289918238,0.6506801991384439,72,2016_2020
0,1,676.75243484149,7913.687895574539,0.4582550245190409,27,2016_2020
0,1,691.107134124637,8894.8410728015,0.4254573154254084,73,2016_2020
0,1,1396.7283604293516,13654.06981366866,0.4711065917262222,88,2016_2020
1,0,797.3008208737883,8169.301544346054,0.6207482850256651,73,2016_2020
1,0,804.4175630712962,12541.090296226796,0.2931468632019982,86,2016_2020
0,0,1199.1625607846254,9442.334366984423,0.7561824938621555,25,2016_2020
0,1,-269.57981799840854,11596.975283816457,-0.1265933957030546,88,2016_2020
0,0,920.280106532573,15576.313420578836,0.3919585183768596,82,2016_2020
0,1,387.77339684963226,12544.088119983671,0.1760926538216915,33,2016_2020
0,1,234.42378523945808,10266.681980140507,0.0985077449951011,48,2016_2020
0,1,2189.424174046517,15421.155260801315,0.6898942536677078,32,2016_2020
0,1,199.10550951957703,10846.76870393753,0.1010754998748388,94,2016_2020
0,1,-204.7274295809057,12637.116659685698,-0.0640676739504837,84,2016_2020
0,1,-179.14908172734977,6188.352153032727,-0.1249123426501797,55,2016_2020
0,1,461.5923607150771,7264.79932904741,0.3489188724858162,56,2016_2020
0,1,224.1428398489952,15058.417355641724,0.0891720617705359,63,2016_2020
0,1,772.2377639710903,15423.461279852316,0.2594962097398983,51,2016_2020
0,1,183.04967622756885,10901.6068277359,0.0883942470138949,49,2016_2020
0,1,1089.7769372349069,6950.888550401365,1.0756182764908315,31,2016_2020
1,0,-323.9305202245714,6514.550426959992,-0.201423255238345,47,2016_2020
0,1,636.152928304009,7725.400422289138,0.4830636936784955,54,2016_2020
0,1,602.6854573093424,9955.65500108433,0.319911822243759,41,2016_2020
0,0,568.1234097003944,14156.690952032804,0.2461108118820642,75,2016_2020
0,0,890.2190823169094,8905.7442813471,0.5273555337774704,27,2016_2020
0,0,1085.415293294738,8603.226648219614,0.6006621628124256,35,2016_2020
0,1,1485.6982133403417,14158.37477403134,0.5264211313971188,84,2016_2020
0,1,-608.4347328141339,10844.56345540844,-0.2734696589545142,90,2016_2020
0,0,762.3668310001485,11450.646629489958,0.2887784576658773,69,2016_2020
0,0,1548.9181686297052,13907.21474185586,0.5672851125979235,79,2016_2020
0,0,482.3100699752577,13441.68672957644,0.210497941206034,46,2016_2020
1,0,1296.469724369923,17138.100087435145,0.5231298776194369,67,2016_2020
0,1,2197.1360757489456,7700.021150185348,0.9106080042961496,41,2016_2020
1,0,847.1209849826992,7956.195945783518,0.5547015547581181,85,2016_2020
0,0,-161.14113132432067,11378.418817770667,-0.0549082478476049,25,2016_2020
1,0,734.3053988575939,7551.925664514303,0.5043399790374749,30,2016_2020
0,1,652.7356651075588,7897.524435101659,0.4316452527067245,61,2016_2020
0,1,1059.1967853464184,8779.674872658215,0.6827676632325681,32,2016_2020
0,1,-394.3032823760996,5377.379731209367,-0.504118074563016,42,2016_2020
0,1,650.8103110138327,11117.788620241452,0.3205534824230579,95,2016_2020
0,0,-824.8708484888075,6365.538156181574,-0.5750653029298162,76,2016_2020
0,1,700.7360009253025,7778.136070005596,0.4528236747977313,73,2016_2020
0,1,381.1208612918854,15008.157994508743,0.1334965447404353,60,2016_2020
0,1,72.3801628171268,7027.810353819139,0.0623030825387385,69,2016_2020
1,0,1099.2572264790542,14964.006792724133,0.4406432520397555,33,2016_2020
0,1,634.4897300541397,8332.120601475239,0.3920148086212531,88,2016_2020
0,1,2472.8430680317806,8331.00634373515,0.9205867749210216,53,2016_2020
0,0,658.9742049144152,8969.502250997528,0.3345381229915792,86,2016_2020
0,1,-587.1101182967432,12626.046438355,-0.175379721612578,74,2016_2020
0,1,617.109453463554,9862.32108438015,0.340147294857911,56,2016_2020
0,1,73.5623390913006,6924.629540294409,0.0536567640767808,92,2016_2020
1,0,722.6015993519841,7888.459731368252,0.4961434845311029,45,2016_2020
0,1,-251.423292909004,7519.661855782149,-0.1976932743951035,50,2016_2020
0,1,1068.2302405834198,11092.436436653135,0.5636932465994561,73,2016_2020
0,0,1272.395896500162,18419.654785245657,0.3727989669838569,32,2016_2020
0,1,95.96197739486796,4250.933041448952,0.1175415952909993,81,2016_2020
0,0,2004.1101881942468,15604.755350123012,0.7238706721440337,73,2016_2020
0,1,1058.8057585418228,12750.050148911774,0.5422102934874379,37,2016_2020
0,1,1156.6174997794678,13134.66869282574,0.456372771989561,86,2016_2020
0,1,1540.2180698057364,7695.285985900754,1.067318015783936,44,2016_2020
0,1,521.9208208948367,11624.020931065084,0.217327937817291,83,2016_2020
0,0,1200.9423880904906,18383.543727753684,0.3648830165161918,31,2016_2020
0,0,1207.7101768285302,13863.218448150936,0.4460984791074899,83,2016_2020
0,1,475.2932747058567,13612.060885829853,0.2185289280684126,73,2016_2020
0,0,95.14664798378908,9695.620214886963,0.0578078431339151,61,2016_2020
0,0,-854.0209659963839,7894.553098957986,-0.4933689783965992,72,2016_2020
0,1,1048.2871366217732,8019.022202471271,0.667892771036714,83,2016_2020
0,1,966.1662900567062,12094.99083866179,0.4503478599346266,92,2016_2020
0,0,753.1875261512314,8582.715719293421,0.4962919893340653,26,2016_2020
0,0,1183.5802364080046,16601.179233934592,0.3080569576259448,87,2016_2020
0,1,308.76700733018333,16021.241475936178,0.0896740779450683,38,2016_2020
0,0,868.5965781415616,12868.58071402772,0.3330558270946416,73,2016_2020
0,1,716.2910798268231,8094.925210474271,0.5119853989028551,32,2016_2020
0,1,1636.48869996965,17229.23273700103,0.6434547745524125,31,2016_2020
1,0,1537.270187523216,19261.286955158223,0.4480423112098768,59,2016_2020
0,0,976.9388196839244,13777.718748705258,0.3490056097878135,88,2016_2020
0,1,502.2075796121553,11844.553023270542,0.1773175776353019,90,2016_2020
0,1,315.50492127094367,10184.470373647331,0.1343850296241919,66,2016_2020
0,1,868.158365106583,9443.35151270032,0.4781408218839429,85,2016_2020
0,1,806.0426828264453,8306.900544501748,0.5157853997121594,53,2016_2020
0,1,88.71530019044803,10794.94119463861,0.050135890544744,87,2016_2020
0,1,1083.59875179581,7365.315890446953,0.6815243395344643,33,2016_2020
1,0,723.0857491623419,8328.790180535498,0.4861177708326568,48,2016_2020
1,0,-248.46460603475495,11632.290825396776,-0.0828526616639965,52,2016_2020
1,0,613.9800453802081,7785.692162829157,0.4094906377334703,47,2016_2020
0,1,1488.959336796217,11699.786703958876,0.739023802808129,61,2016_2020
0,0,-133.5564106392667,8905.762290532817,-0.0590260179981716,36,2016_2020
0,1,564.4275370595315,7113.413172624691,0.5154745277709948,30,2016_2020
0,0,-19.35168715119289,11010.322421438992,-0.0100868389230968,41,2016_2020
0,1,894.5235388739811,8891.96016147533,0.5109692262158734,82,2016_2020
0,0,-13.233581609372775,15167.380651378657,-0.004179958948426,56,2016_2020
0,1,584.4252927972993,7871.070664668347,0.430470582034109,30,2016_2020
0,1,84.56843969651072,6564.947068573634,0.0748863332013478,25,2016_2020
1,0,59.848136426981,15741.157781663009,0.016702173239982,61,2016_2020
0,1,-271.3300782173874,4174.247187037021,-0.2527322154134364,80,2016_2020
0,1,1628.7801096417415,7260.770104768737,1.224213493013685,38,2016_2020
1,0,211.21812273168507,11536.684951766132,0.1001377859941857,61,2016_2020
0,0,748.0929740846159,8107.265770971775,0.4258360240588599,71,2016_2020
0,1,2075.338319660723,16866.418392168358,0.5913656489785853,43,2016_2020
0,1,850.7330509862859,8031.206052462454,0.6182925176785804,25,2016_2020
0,1,1346.3158350378271,8194.603028136306,0.9441992469023462,82,2016_2020
0,0,744.383046960831,7516.662610650063,0.5234798076544475,63,2016_2020
1,0,930.8724594537944,8912.764925502805,0.5082348205043133,87,2016_2020
0,0,-16.883807992935544,9991.8507200405,-0.0082959686847863,67,2016_2020
0,1,2164.8733892381188,17336.425370134413,0.5834352403052976,63,2016_2020
0,1,609.3020999670025,10221.240126550198,0.3195682379505022,43,2016_2020
0,1,1060.7370454192169,20430.17066767812,0.2950264060852383,47,2016_2020
0,1,1662.4641859607773,8589.66285776929,1.0394291536762843,61,2016_2020
0,0,987.7319716691964,11642.66977211833,0.4805156036927359,56,2016_2020
0,1,1280.7685833245523,17793.809381400235,0.4007007082474322,32,2016_2020
1,0,604.8911433712619,12290.004887687164,0.2318101719224507,87,2016_2020
0,1,1328.2180197969085,11022.46669865586,0.6973014053513967,41,2016_2020
0,0,695.5379535198208,7609.295401513576,0.4927046416449965,82,2016_2020
0,1,516.0299201953185,7135.439432693991,0.4164739842539637,49,2016_2020
0,1,-1047.8303574651472,9824.450180198995,-0.443765492920002,90,2016_2020
0,0,316.25081124481494,7243.727866890244,0.2343509033618916,85,2016_2020
1,0,1034.173743267148,6490.169034830804,0.8931802615876143,49,2016_2020
0,1,462.67760113775694,15696.239590693263,0.1838494009699779,69,2016_2020
1,0,780.9971445441242,9603.980984985828,0.4116134112163236,62,2016_2020
0,1,583.5057964657981,7560.06340539148,0.399397053254291,47,2016_2020
0,1,920.6532112210988,13282.507015164942,0.3860040749179929,85,2016_2020
0,0,487.8816524490721,11549.731159726158,0.1933555125203964,62,2016_2020
1,0,834.4760054798571,15976.315105345304,0.2221213055771673,79,2016_2020
1,0,-195.0715441186294,13198.413126548248,-0.059304341959751,25,2016_2020
0,0,329.04656958961823,13096.92406429432,0.1195097067350217,27,2016_2020
0,1,977.8294383788198,7053.1681855499855,0.8806838336561014,33,2016_2020
0,0,669.6331316550986,12096.772960792036,0.2415062537168609,79,2016_2020
0,0,899.1808540215352,14971.072671665532,0.2798721476063225,71,2016_2020
0,1,120.5796048765078,14341.967052538064,0.0341892640363559,40,2016_2020
1,0,580.9901553690434,11404.260423608124,0.2397912940512259,74,2016_2020
0,1,549.0241182897244,12393.344019618353,0.2058114892364179,95,2016_2020
0,0,584.4838058598798,12204.287197568512,0.2398427029576308,42,2016_2020
0,1,1090.2518982887268,12039.204605013132,0.5133924833237413,57,2016_2020
0,1,941.6230068013064,14714.837073123084,0.3738013929530384,26,2016_2020
0,1,477.3476889595386,11299.968408627436,0.2808029838524494,58,2016_2020
1,0,500.04694306850433,8300.415866434574,0.2793054315636744,85,2016_2020
0,1,2565.457629341672,16095.023435630888,0.9753199387202778,32,2016_2020
0,0,720.5802248680629,7850.444433982675,0.5379792879844029,55,2016_2020
1,0,-25.369665748254192,11205.577645698097,-0.0091131020723091,77,2016_2020
0,0,918.0865611602768,10514.157737663623,0.3834710806841283,90,2016_2020
1,0,1970.4940661951896,12366.44500490278,0.9485620580962004,28,2016_2020
0,1,-106.97061328594646,8703.575158596039,-0.0712995946912978,82,2016_2020
0,0,2043.3477287234743,18000.547025703127,0.5207665348947619,41,2016_2020
0,1,1445.6394428847357,5163.070234104758,0.895840827029607,47,2016_2020
0,0,1270.413751540333,11214.332290072924,0.6491402080881444,76,2016_2020
0,0,316.24401635948743,11587.74204525878,0.120270626106724,50,2016_2020
0,1,1116.025809287562,7492.710835381764,0.9721960345514462,57,2016_2020
0,1,925.1119900378472,15237.39729576221,0.2825706116440214,77,2016_2020
1,0,450.5004759907715,9101.679556533694,0.3945091719859367,66,2016_2020
0,1,807.53825747063,8471.098121851563,0.5445982146251894,45,2016_2020
0,1,779.5491240855736,15158.764653607792,0.2324130601017802,57,2016_2020
0,1,187.1386868238451,6503.51354265213,0.1489265335336645,89,2016_2020
0,1,1952.78396999836,15967.105234056711,0.5580170817014128,53,2016_2020
0,1,616.4374166268744,7310.686428296832,0.4707831755956856,66,2016_2020
0,1,1434.785792825218,15376.64342121481,0.472041154448809,46,2016_2020
0,1,915.3889186327752,6734.377262823917,0.7774529758549841,28,2016_2020
0,1,1653.7615536528874,5549.745277943468,0.9760761452128828,53,2016_2020
0,0,750.9527727365494,7889.624788835645,0.4916484697984722,73,2016_2020
1,0,627.7837803177536,9720.168450198136,0.3209241812177184,38,2016_2020
0,1,-329.3920078253868,17821.983836415395,-0.0789566420963352,83,2016_2020
1,0,-656.5420668423176,10730.873882867396,-0.2096355674274421,74,2016_2020
0,1,1276.6579083032902,11532.433834143914,0.6410966780208873,83,2016_2020
0,0,754.622940543275,9056.494252089386,0.4672400994914368,69,2016_2020
0,1,935.8612550056224,8530.367158387748,0.6486607765571327,65,2016_2020
0,1,-55.714397087693214,12223.706248711796,-0.0244256356509576,47,2016_2020
0,1,856.972789147374,12029.280823301371,0.3511002141352132,57,2016_2020
0,0,406.3137064202965,10412.085012247704,0.1567956717696676,73,2016_2020
0,1,1373.2814136862762,17201.711294174194,0.5037127767798398,49,2016_2020
0,1,229.66258323878083,7039.102424078808,0.1935729319621335,32,2016_2020
0,0,239.02866635322607,12985.29326659441,0.0866413630508505,42,2016_2020
0,1,414.1203801542524,13417.078471001238,0.2186218337903804,31,2016_2020
0,0,1641.4138634031624,19253.29720875295,0.5003692982206958,66,2016_2020
0,1,1429.192118540297,12066.575423385812,0.5833448269541907,78,2016_2020
0,1,685.4676940737445,8005.122164018237,0.4609213488845959,26,2016_2020
0,1,658.6995011377849,3244.8448733598634,0.7453260106710559,67,2016_2020
0,0,238.03502088040116,8997.71565020457,0.1652099130390675,57,2016_2020
0,1,939.3692679451452,8374.93370381948,0.6571047924917232,82,2016_2020
0,1,715.6328717142223,8047.934399690464,0.5183379912824778,57,2016_2020
0,0,176.92937428355253,8346.341130077839,0.1007072079699536,79,2016_2020
0,0,853.2475241422653,9637.292668610811,0.5143855081780858,26,2016_2020
0,1,643.7588056087498,7663.184166908264,0.4507689387391948,47,2016_2020
0,1,-119.16851717233658,5929.673094570637,-0.0817407957291499,57,2016_2020
0,0,1301.4961305514098,15564.086705157548,0.4058694588965183,66,2016_2020
0,1,823.3497914451782,7005.198348397815,0.7420168766284861,30,2016_2020
1,0,587.8437015414238,12463.852036952972,0.2684140424553227,49,2016_2020
0,1,1205.1013928404773,7895.015417449176,0.8763007090786804,79,2016_2020
0,0,522.8550794119037,7785.636928349037,0.3686617666166874,47,2016_2020
0,1,-23.41964062331317,13894.19089014607,-0.0072092478935137,30,2016_2020
0,1,-498.7840435579419,7205.701798759401,-0.3413977789057221,87,2016_2020
0,1,-2.967018441855544,4122.30055575259,-0.0030526463169424,48,2016_2020
0,1,1444.3532493833918,7690.804365397023,0.8517150860117458,49,2016_2020
0,1,938.5608948469162,9941.509623289108,0.5483885109736307,76,2016_2020
0,0,979.7624363891628,8414.062934904341,0.554352919144482,45,2016_2020
0,1,621.4807666537772,7251.905731363508,0.4572281362346519,57,2016_2020
0,1,478.72099354493,7301.362863645918,0.3609015450461929,35,2016_2020
0,1,183.04967622756885,10901.6068277359,0.0883942470138949,47,2016_2020
0,1,1068.877556729316,12826.238264590502,0.4752507712868352,57,2016_2020
0,0,635.1891997017829,7782.653673886428,0.4538855640324664,36,2016_2020
0,1,-650.8000116884705,7781.918410770595,-0.4184748765557264,55,2016_2020
0,1,3957.2341108322144,21868.119697108865,0.9427901535035168,81,2016_2020
0,1,766.275891661644,9198.155529260635,0.4111194564990682,91,2016_2020
0,0,1124.2891766570528,7665.553940194661,0.9396310259651132,55,2016_2020
0,1,2578.176054763954,8650.463152913577,0.9443826557477494,63,2016_2020
0,1,558.4171518407766,15595.80917761568,0.186584408452956,78,2016_2020
1,0,527.4560224967172,14653.66348711612,0.1567974191065511,62,2016_2020
0,1,759.3858757432699,7978.262714307308,0.5364212743758342,55,2016_2020
0,1,621.2158634424213,7616.773892521858,0.4448983831590091,30,2016_2020
0,1,814.7934994006064,13412.43017413764,0.3052280853884538,45,2016_2020
0,1,1697.073086227476,14581.82485149242,0.9543447027710352,41,2016_2020
0,1,1248.470610158145,16498.511170377955,0.3237840524578236,54,2016_2020
0,1,978.6261412110008,8346.57180943757,0.637596583880813,35,2016_2020
0,1,1723.3716078400612,17762.630179971457,0.5557745579302924,61,2016_2020
0,0,589.0462688552034,7709.29158561139,0.417251174319674,50,2016_2020
0,0,1091.282528799773,16815.158051632345,0.430505561053806,72,2016_2020
1,0,1088.3000363669307,9294.073394085157,0.5715064416520319,82,2016_2020
0,1,887.2520393017212,8513.208216272702,0.5018026210106139,64,2016_2020
0,0,983.294603276252,14416.577066600325,0.3433800787322688,43,2016_2020
1,0,461.55322825461553,11414.02351973392,0.2621651621432199,69,2016_2020
0,1,-772.5343893386425,5882.182598689571,-0.6024455306081363,35,2016_2020
0,1,-629.6824265360829,5319.62106859684,-0.3883568639355503,42,2016_2020
0,1,784.9359992384907,8635.454078793526,0.4353942122228571,70,2016_2020
0,1,947.7041294387273,7918.546124280281,0.722811777066851,55,2016_2020
0,0,2302.877961465718,20302.27997754328,0.6552950103159737,29,2016_2020
0,1,-362.5587798938159,9959.166023226457,-0.135841055720594,52,2016_2020
0,1,1999.402409159928,12893.485368647816,0.9697011277374734,46,2016_2020
0,0,197.37808473110272,10436.788375109434,0.1022362757732404,87,2016_2020
1,0,554.1274479677022,7799.921320712782,0.3837312845014177,58,2016_2020
0,0,78.91296724677068,7462.143766753375,0.0527063343146864,81,2016_2020
0,0,360.14885526476064,12437.752623314382,0.1334282562285482,29,2016_2020
0,1,168.97643123855778,8074.950872614863,0.1107276163830536,83,2016_2020
0,0,836.6371782869101,8108.347532574087,0.5903802545026001,36,2016_2020
0,0,917.7612492419512,7464.656611216221,0.7000686293628702,30,2016_2020
0,1,941.1308263659485,10122.986882388592,0.4963749299671928,86,2016_2020
0,1,1264.003062243387,7290.046637101099,0.7936210683763991,53,2016_2020
1,0,-425.6329881433394,10322.25689132139,-0.1698293715767745,71,2016_2020
0,1,1008.8609646988734,11348.321204894884,0.4061055802508171,54,2016_2020
0,1,-196.84255184903668,11357.19936672505,-0.0778118170271306,91,2016_2020
0,1,82.77488461583926,9360.071946974844,0.037770371624598,29,2016_2020
0,1,89.2936555385586,5321.862158477306,0.0759287546813982,61,2016_2020
0,1,211.73024714589155,5582.76747674495,0.216921989957057,89,2016_2020
0,1,494.8783442237491,7720.566325155214,0.4346347626763848,40,2016_2020
0,0,-351.3421290165161,4948.007756608728,-0.3055294110836335,37,2016_2020
1,0,-875.167559866979,9768.912781552875,-0.2963492822633238,79,2016_2020
1,0,-142.59887156486548,12251.164774000645,-0.0520625944140104,45,2016_2020
